technology,analysis_group,condition,radius_um,mean_intersections,sem_intersections,n_cells
DREADD,Group I (Activation),DREADD_CNO,10.0,2.1666666666666665,0.16666666666666666,6
DREADD,Group I (Activation),DREADD_CNO,15.0,3.25,0.4286165199944132,12
DREADD,Group I (Activation),DREADD_CNO,20.0,5.083333333333333,0.37856053783784804,12
DREADD,Group I (Activation),DREADD_CNO,25.0,6.0,0.4438126822992973,12
DREADD,Group I (Activation),DREADD_CNO,30.0,6.333333333333333,0.4494665749754947,12
DREADD,Group I (Activation),DREADD_CNO,35.0,6.5,0.5,12
DREADD,Group I (Activation),DREADD_CNO,40.0,6.5,0.4522670168666455,12
DREADD,Group I (Activation),DREADD_CNO,45.0,6.666666666666667,0.49746833816309105,12
DREADD,Group I (Activation),DREADD_CNO,50.0,7.166666666666667,0.5618332187193684,12
DREADD,Group I (Activation),DREADD_CNO,55.0,7.666666666666667,0.6779350703393059,12
DREADD,Group I (Activation),DREADD_CNO,60.0,7.833333333333333,0.6834996102206037,12
DREADD,Group I (Activation),DREADD_CNO,65.0,7.833333333333333,0.7159792333764037,12
DREADD,Group I (Activation),DREADD_CNO,70.0,7.833333333333333,0.6609604276117345,12
DREADD,Group I (Activation),DREADD_CNO,75.0,8.0,0.6628679652796169,12
DREADD,Group I (Activation),DREADD_CNO,80.0,8.25,0.6291528696058958,12
DREADD,Group I (Activation),DREADD_CNO,85.0,8.0,0.5075192189225523,12
DREADD,Group I (Activation),DREADD_CNO,90.0,7.916666666666667,0.4166666666666667,12
DREADD,Group I (Activation),DREADD_CNO,95.0,8.083333333333334,0.4515685345704917,12
DREADD,Group I (Activation),DREADD_CNO,100.0,8.0,0.408248290463863,12
DREADD,Group I (Activation),DREADD_CNO,105.0,8.166666666666666,0.47407538930793985,12
DREADD,Group I (Activation),DREADD_CNO,110.0,7.833333333333333,0.5881833013267174,12
DREADD,Group I (Activation),DREADD_CNO,115.0,7.916666666666667,0.5429762723390704,12
DREADD,Group I (Activation),DREADD_CNO,120.0,8.25,0.6291528696058958,12
DREADD,Group I (Activation),DREADD_CNO,125.0,8.333333333333334,0.5945883900105632,12
DREADD,Group I (Activation),DREADD_CNO,130.0,8.25,0.7893706737687057,12
DREADD,Group I (Activation),DREADD_CNO,135.0,8.0,0.7587869106393281,12
DREADD,Group I (Activation),DREADD_CNO,140.0,7.75,0.7084447327730932,12
DREADD,Group I (Activation),DREADD_CNO,145.0,7.75,0.7797143999276566,12
DREADD,Group I (Activation),DREADD_CNO,150.0,7.583333333333333,0.7925632881080007,12
DREADD,Group I (Activation),DREADD_CNO,155.0,7.666666666666667,0.8557588634207841,12
DREADD,Group I (Activation),DREADD_CNO,160.0,7.166666666666667,0.8947094782693713,12
DREADD,Group I (Activation),DREADD_CNO,165.0,7.416666666666667,1.1707180736969973,12
DREADD,Group I (Activation),DREADD_CNO,170.0,6.833333333333333,0.9679197729505721,12
DREADD,Group I (Activation),DREADD_CNO,175.0,6.416666666666667,0.9330491991748388,12
DREADD,Group I (Activation),DREADD_CNO,180.0,5.583333333333333,0.9248942063443218,12
DREADD,Group I (Activation),DREADD_CNO,185.0,5.454545454545454,0.856670471955618,11
DREADD,Group I (Activation),DREADD_CNO,190.0,5.2727272727272725,0.8537714095908289,11
DREADD,Group I (Activation),DREADD_CNO,195.0,5.181818181818182,0.8925772879006237,11
DREADD,Group I (Activation),DREADD_CNO,200.0,5.0,0.8633970960424556,11
DREADD,Group I (Activation),DREADD_CNO,205.0,4.545454545454546,0.8776377008107032,11
DREADD,Group I (Activation),DREADD_CNO,210.0,4.2727272727272725,0.8322030902796951,11
DREADD,Group I (Activation),DREADD_CNO,215.0,3.909090909090909,0.7441229792611318,11
DREADD,Group I (Activation),DREADD_CNO,220.0,3.727272727272727,0.8430562268632458,11
DREADD,Group I (Activation),DREADD_CNO,225.0,3.5454545454545454,0.9181368125783707,11
DREADD,Group I (Activation),DREADD_CNO,230.0,3.5,0.8333333333333334,10
DREADD,Group I (Activation),DREADD_CNO,235.0,3.3,0.8306623862918076,10
DREADD,Group I (Activation),DREADD_CNO,240.0,3.7777777777777777,0.9395296958493202,9
DREADD,Group I (Activation),DREADD_CNO,245.0,2.3333333333333335,0.5270462766947299,9
DREADD,Group I (Activation),DREADD_CNO,250.0,1.75,0.36596252735569995,8
DREADD,Group I (Activation),DREADD_CNO,255.0,1.625,0.26305214040457564,8
DREADD,Group I (Activation),DREADD_CNO,260.0,1.5,0.2672612419124244,8
DREADD,Group I (Activation),DREADD_CNO,265.0,1.375,0.26305214040457564,8
DREADD,Group I (Activation),DREADD_CNO,270.0,1.1666666666666667,0.16666666666666669,6
DREADD,Group I (Activation),DREADD_CNO,275.0,1.25,0.25,4
DREADD,Group I (Activation),DREADD_CNO,280.0,1.0,0.0,4
DREADD,Group I (Activation),DREADD_CNO,285.0,1.0,0.0,3
DREADD,Group I (Activation),DREADD_CNO,290.0,1.0,0.0,2
DREADD,Group I (Activation),DREADD_CNO,295.0,1.0,0.0,2
DREADD,Group I (Activation),DREADD_CNO,300.0,1.0,0.0,1
DREADD,Group II (Expression only),DREADD_Vehicle,10.0,1.3333333333333333,0.3333333333333333,3
DREADD,Group II (Expression only),DREADD_Vehicle,15.0,3.25,0.7258000511750562,8
DREADD,Group II (Expression only),DREADD_Vehicle,20.0,4.333333333333333,0.5773502691896257,9
DREADD,Group II (Expression only),DREADD_Vehicle,25.0,5.222222222222222,0.493788578739755,9
DREADD,Group II (Expression only),DREADD_Vehicle,30.0,5.777777777777778,0.5211573066470476,9
DREADD,Group II (Expression only),DREADD_Vehicle,35.0,6.222222222222222,0.6186404847588913,9
DREADD,Group II (Expression only),DREADD_Vehicle,40.0,6.333333333333333,0.6454972243679028,9
DREADD,Group II (Expression only),DREADD_Vehicle,45.0,6.555555555555555,0.6478835438717001,9
DREADD,Group II (Expression only),DREADD_Vehicle,50.0,6.666666666666667,0.6009252125773316,9
DREADD,Group II (Expression only),DREADD_Vehicle,55.0,7.0,0.6236095644623235,9
DREADD,Group II (Expression only),DREADD_Vehicle,60.0,6.777777777777778,0.6406979219261554,9
DREADD,Group II (Expression only),DREADD_Vehicle,65.0,6.888888888888889,0.6549903401417554,9
DREADD,Group II (Expression only),DREADD_Vehicle,70.0,6.777777777777778,0.6186404847588913,9
DREADD,Group II (Expression only),DREADD_Vehicle,75.0,7.111111111111111,0.7535922203472522,9
DREADD,Group II (Expression only),DREADD_Vehicle,80.0,7.444444444444445,0.8678055195451837,9
DREADD,Group II (Expression only),DREADD_Vehicle,85.0,7.444444444444445,0.8678055195451837,9
DREADD,Group II (Expression only),DREADD_Vehicle,90.0,7.777777777777778,0.829621362392671,9
DREADD,Group II (Expression only),DREADD_Vehicle,95.0,8.333333333333334,0.8660254037844387,9
DREADD,Group II (Expression only),DREADD_Vehicle,100.0,8.666666666666666,0.8975274678557505,9
DREADD,Group II (Expression only),DREADD_Vehicle,105.0,8.555555555555555,0.8992452253465913,9
DREADD,Group II (Expression only),DREADD_Vehicle,110.0,8.777777777777779,0.7597107961765189,9
DREADD,Group II (Expression only),DREADD_Vehicle,115.0,8.555555555555555,0.7657804862272345,9
DREADD,Group II (Expression only),DREADD_Vehicle,120.0,8.555555555555555,0.5299662230094142,9
DREADD,Group II (Expression only),DREADD_Vehicle,125.0,8.11111111111111,0.4547418206595806,9
DREADD,Group II (Expression only),DREADD_Vehicle,130.0,8.333333333333334,0.47140452079103173,9
DREADD,Group II (Expression only),DREADD_Vehicle,135.0,7.888888888888889,0.5879447357921312,9
DREADD,Group II (Expression only),DREADD_Vehicle,140.0,7.888888888888889,0.6758625033664688,9
DREADD,Group II (Expression only),DREADD_Vehicle,145.0,8.666666666666666,0.7993052538854533,9
DREADD,Group II (Expression only),DREADD_Vehicle,150.0,8.222222222222221,0.6406979219261554,9
DREADD,Group II (Expression only),DREADD_Vehicle,155.0,8.11111111111111,0.5879447357921312,9
DREADD,Group II (Expression only),DREADD_Vehicle,160.0,8.222222222222221,0.6186404847588913,9
DREADD,Group II (Expression only),DREADD_Vehicle,165.0,8.333333333333334,0.5773502691896257,9
DREADD,Group II (Expression only),DREADD_Vehicle,170.0,8.11111111111111,0.6111111111111112,9
DREADD,Group II (Expression only),DREADD_Vehicle,175.0,7.888888888888889,0.6758625033664688,9
DREADD,Group II (Expression only),DREADD_Vehicle,180.0,7.555555555555555,0.7474235581707617,9
DREADD,Group II (Expression only),DREADD_Vehicle,185.0,7.222222222222222,0.6620208493229437,9
DREADD,Group II (Expression only),DREADD_Vehicle,190.0,7.0,0.6871842709362768,9
DREADD,Group II (Expression only),DREADD_Vehicle,195.0,6.555555555555555,0.7837075544258825,9
DREADD,Group II (Expression only),DREADD_Vehicle,200.0,6.555555555555555,0.7837075544258825,9
DREADD,Group II (Expression only),DREADD_Vehicle,205.0,6.0,0.8975274678557507,9
DREADD,Group II (Expression only),DREADD_Vehicle,210.0,6.111111111111111,0.9638528651609707,9
DREADD,Group II (Expression only),DREADD_Vehicle,215.0,5.555555555555555,0.9734119704408463,9
DREADD,Group II (Expression only),DREADD_Vehicle,220.0,6.625,1.5576711096102045,8
DREADD,Group II (Expression only),DREADD_Vehicle,225.0,4.375,0.9050947069624419,8
DREADD,Group II (Expression only),DREADD_Vehicle,230.0,4.125,0.811469126250126,8
DREADD,Group II (Expression only),DREADD_Vehicle,235.0,3.875,0.811469126250126,8
DREADD,Group II (Expression only),DREADD_Vehicle,240.0,4.75,1.0479571965086578,8
DREADD,Group II (Expression only),DREADD_Vehicle,245.0,4.125,0.8951755613924487,8
DREADD,Group II (Expression only),DREADD_Vehicle,250.0,3.875,0.8331845105205861,8
DREADD,Group II (Expression only),DREADD_Vehicle,255.0,3.25,0.75,8
DREADD,Group II (Expression only),DREADD_Vehicle,260.0,2.857142857142857,0.6700593942604899,7
DREADD,Group II (Expression only),DREADD_Vehicle,265.0,2.5714285714285716,0.5281207860194961,7
DREADD,Group II (Expression only),DREADD_Vehicle,270.0,2.142857142857143,0.5532833351724882,7
DREADD,Group II (Expression only),DREADD_Vehicle,275.0,1.8571428571428572,0.34006802040680234,7
DREADD,Group II (Expression only),DREADD_Vehicle,280.0,1.5714285714285714,0.20203050891044216,7
DREADD,Group II (Expression only),DREADD_Vehicle,285.0,2.0,0.816496580927726,6
DREADD,Group II (Expression only),DREADD_Vehicle,290.0,1.2,0.2,5
DREADD,Group II (Expression only),DREADD_Vehicle,295.0,1.2,0.2,5
DREADD,Group II (Expression only),DREADD_Vehicle,300.0,1.0,0.0,3
DREADD,Group III (Effector only),None_CNO,5.0,0.36363636363636365,0.20327890704543544,11
DREADD,Group III (Effector only),None_CNO,10.0,4.2727272727272725,1.1527903624834444,11
DREADD,Group III (Effector only),None_CNO,15.0,8.636363636363637,1.5912986536029865,11
DREADD,Group III (Effector only),None_CNO,20.0,11.636363636363637,2.1920215960811036,11
DREADD,Group III (Effector only),None_CNO,25.0,11.090909090909092,1.8362736251567418,11
DREADD,Group III (Effector only),None_CNO,30.0,12.272727272727273,2.115273071092538,11
DREADD,Group III (Effector only),None_CNO,35.0,13.636363636363637,2.615592153614471,11
DREADD,Group III (Effector only),None_CNO,40.0,13.454545454545455,2.4619417183989936,11
DREADD,Group III (Effector only),None_CNO,45.0,12.818181818181818,2.3386794324155042,11
DREADD,Group III (Effector only),None_CNO,50.0,13.090909090909092,2.333372687586266,11
DREADD,Group III (Effector only),None_CNO,55.0,13.0,2.3432688900143517,11
DREADD,Group III (Effector only),None_CNO,60.0,13.363636363636363,2.1837112999026025,11
DREADD,Group III (Effector only),None_CNO,65.0,14.0,2.453198283502949,11
DREADD,Group III (Effector only),None_CNO,70.0,12.181818181818182,1.9060581972331456,11
DREADD,Group III (Effector only),None_CNO,75.0,12.545454545454545,1.9276157499197923,11
DREADD,Group III (Effector only),None_CNO,80.0,11.636363636363637,1.8304134022511134,11
DREADD,Group III (Effector only),None_CNO,85.0,11.2,1.5114378731672844,10
DREADD,Group III (Effector only),None_CNO,90.0,10.2,1.717879830230017,10
DREADD,Group III (Effector only),None_CNO,95.0,9.9,1.6696639715157593,10
DREADD,Group III (Effector only),None_CNO,100.0,9.4,1.6069294390925266,10
DREADD,Group III (Effector only),None_CNO,105.0,8.9,1.32874209519965,10
DREADD,Group III (Effector only),None_CNO,110.0,8.0,1.577621275493231,10
DREADD,Group III (Effector only),None_CNO,115.0,7.7,1.6058919293927874,10
DREADD,Group III (Effector only),None_CNO,120.0,7.1,1.4564034849968985,10
DREADD,Group III (Effector only),None_CNO,125.0,6.4,1.2578641509408806,10
DREADD,Group III (Effector only),None_CNO,130.0,7.4,1.2754084313139327,10
DREADD,Group III (Effector only),None_CNO,135.0,5.9,1.0588253449512393,10
DREADD,Group III (Effector only),None_CNO,140.0,5.9,1.242309676905615,10
DREADD,Group III (Effector only),None_CNO,145.0,5.8,1.1135528725660044,10
DREADD,Group III (Effector only),None_CNO,150.0,4.8,1.1135528725660044,10
DREADD,Group III (Effector only),None_CNO,155.0,5.375,1.2238332636200313,8
DREADD,Group III (Effector only),None_CNO,160.0,5.0,1.224744871391589,8
DREADD,Group III (Effector only),None_CNO,165.0,4.0,0.9819805060619657,8
DREADD,Group III (Effector only),None_CNO,170.0,3.857142857142857,1.0562415720389922,7
DREADD,Group III (Effector only),None_CNO,175.0,3.142857142857143,1.1004019055515564,7
DREADD,Group III (Effector only),None_CNO,180.0,3.0,1.0910894511799618,7
DREADD,Group III (Effector only),None_CNO,185.0,2.5,0.8062257748298549,6
DREADD,Group III (Effector only),None_CNO,190.0,2.3333333333333335,0.8027729719194863,6
DREADD,Group III (Effector only),None_CNO,195.0,2.3333333333333335,0.8027729719194863,6
DREADD,Group III (Effector only),None_CNO,200.0,2.2,0.7348469228349535,5
DREADD,Group III (Effector only),None_CNO,205.0,2.0,0.7745966692414834,5
DREADD,Group III (Effector only),None_CNO,210.0,3.2,1.9595917942265424,5
DREADD,Group III (Effector only),None_CNO,215.0,2.0,0.7745966692414834,5
DREADD,Group III (Effector only),None_CNO,220.0,2.2,0.5830951894845301,5
DREADD,Group III (Effector only),None_CNO,225.0,2.2,0.58309518948453,5
DREADD,Group III (Effector only),None_CNO,230.0,1.6,0.6,5
DREADD,Group III (Effector only),None_CNO,235.0,1.6,0.6,5
DREADD,Group III (Effector only),None_CNO,240.0,1.6,0.6,5
DREADD,Group III (Effector only),None_CNO,245.0,1.6,0.6,5
DREADD,Group III (Effector only),None_CNO,250.0,1.3333333333333333,0.3333333333333333,3
DREADD,Group III (Effector only),None_CNO,255.0,2.6666666666666665,1.2018504251546631,3
DREADD,Group III (Effector only),None_CNO,260.0,1.3333333333333333,0.3333333333333333,3
DREADD,Group III (Effector only),None_CNO,265.0,2.0,1.0,3
DREADD,Group III (Effector only),None_CNO,270.0,1.6666666666666667,0.3333333333333333,3
DREADD,Group III (Effector only),None_CNO,275.0,1.5,0.5,2
DREADD,Group III (Effector only),None_CNO,280.0,1.5,0.5,2
DREADD,Group III (Effector only),None_CNO,285.0,1.5,0.5,2
DREADD,Group III (Effector only),None_CNO,290.0,1.0,0.0,2
DREADD,Group III (Effector only),None_CNO,295.0,1.0,0.0,2
DREADD,Group III (Effector only),None_CNO,300.0,1.0,0.0,2
DREADD,Group III (Effector only),None_CNO,305.0,1.0,0.0,2
DREADD,Group III (Effector only),None_CNO,310.0,1.0,0.0,1
DREADD,Group III (Effector only),None_CNO,315.0,1.0,0.0,1
DREADD,Group III (Effector only),None_CNO,320.0,1.0,0.0,1
DREADD,Group III (Effector only),None_CNO,325.0,1.0,0.0,1
DREADD,Group III (Effector only),None_CNO,330.0,1.0,0.0,1
DREADD,Group III (Effector only),None_CNO,335.0,1.0,0.0,1
DREADD,Group III (Effector only),None_CNO,340.0,1.0,0.0,1
DREADD,Group III (Effector only),None_CNO,345.0,3.0,0.0,1
DREADD,Group III (Effector only),None_CNO,350.0,3.0,0.0,1
EYFP,Group I (Activation),EYFP_Vehicle,10.0,2.5555555555555554,0.2826372328162046,18
EYFP,Group I (Activation),EYFP_Vehicle,15.0,5.695652173913044,0.5124334820756317,23
EYFP,Group I (Activation),EYFP_Vehicle,20.0,7.434782608695652,0.6375164477658773,23
EYFP,Group I (Activation),EYFP_Vehicle,25.0,7.869565217391305,0.616968067366976,23
EYFP,Group I (Activation),EYFP_Vehicle,30.0,8.304347826086957,0.6899469608093235,23
EYFP,Group I (Activation),EYFP_Vehicle,35.0,8.73913043478261,0.7602199372429087,23
EYFP,Group I (Activation),EYFP_Vehicle,40.0,8.695652173913043,0.6141763423325669,23
EYFP,Group I (Activation),EYFP_Vehicle,45.0,8.91304347826087,0.5894763653358535,23
EYFP,Group I (Activation),EYFP_Vehicle,50.0,8.869565217391305,0.620163015118204,23
EYFP,Group I (Activation),EYFP_Vehicle,55.0,9.434782608695652,0.7407561753307225,23
EYFP,Group I (Activation),EYFP_Vehicle,60.0,9.304347826086957,0.6486068457475419,23
EYFP,Group I (Activation),EYFP_Vehicle,65.0,9.217391304347826,0.6471479592661431,23
EYFP,Group I (Activation),EYFP_Vehicle,70.0,9.347826086956522,0.617942191458778,23
EYFP,Group I (Activation),EYFP_Vehicle,75.0,9.130434782608695,0.6169680673669758,23
EYFP,Group I (Activation),EYFP_Vehicle,80.0,9.043478260869565,0.6238927294209866,23
EYFP,Group I (Activation),EYFP_Vehicle,85.0,8.956521739130435,0.6608123545030723,23
EYFP,Group I (Activation),EYFP_Vehicle,90.0,8.91304347826087,0.7824988943614684,23
EYFP,Group I (Activation),EYFP_Vehicle,95.0,8.869565217391305,0.8672895122891928,23
EYFP,Group I (Activation),EYFP_Vehicle,100.0,8.782608695652174,0.8025564926346809,23
EYFP,Group I (Activation),EYFP_Vehicle,105.0,9.0,0.7776522892681232,23
EYFP,Group I (Activation),EYFP_Vehicle,110.0,8.434782608695652,0.8168823577415624,23
EYFP,Group I (Activation),EYFP_Vehicle,115.0,8.173913043478262,0.7742194179728248,23
EYFP,Group I (Activation),EYFP_Vehicle,120.0,7.739130434782608,0.7364517842004102,23
EYFP,Group I (Activation),EYFP_Vehicle,125.0,7.826086956521739,0.7690972427633964,23
EYFP,Group I (Activation),EYFP_Vehicle,130.0,7.043478260869565,0.6900714887339564,23
EYFP,Group I (Activation),EYFP_Vehicle,135.0,6.565217391304348,0.6558526024891458,23
EYFP,Group I (Activation),EYFP_Vehicle,140.0,6.3478260869565215,0.6491365370124237,23
EYFP,Group I (Activation),EYFP_Vehicle,145.0,6.260869565217392,0.6509870623546626,23
EYFP,Group I (Activation),EYFP_Vehicle,150.0,5.956521739130435,0.7153822629148302,23
EYFP,Group I (Activation),EYFP_Vehicle,155.0,5.739130434782608,0.6864510072777802,23
EYFP,Group I (Activation),EYFP_Vehicle,160.0,5.521739130434782,0.6767440219277784,23
EYFP,Group I (Activation),EYFP_Vehicle,165.0,5.086956521739131,0.6913155342520985,23
EYFP,Group I (Activation),EYFP_Vehicle,170.0,5.173913043478261,0.9015844066664226,23
EYFP,Group I (Activation),EYFP_Vehicle,175.0,4.913043478260869,0.7515807938188647,23
EYFP,Group I (Activation),EYFP_Vehicle,180.0,4.826086956521739,0.6962694889461449,23
EYFP,Group I (Activation),EYFP_Vehicle,185.0,4.478260869565218,0.6796580319432309,23
EYFP,Group I (Activation),EYFP_Vehicle,190.0,4.260869565217392,0.6689540868945464,23
EYFP,Group I (Activation),EYFP_Vehicle,195.0,4.304347826086956,0.7838154946660847,23
EYFP,Group I (Activation),EYFP_Vehicle,200.0,4.3478260869565215,0.6612023293700074,23
EYFP,Group I (Activation),EYFP_Vehicle,205.0,4.285714285714286,0.7142857142857143,21
EYFP,Group I (Activation),EYFP_Vehicle,210.0,4.571428571428571,0.7975302011640107,21
EYFP,Group I (Activation),EYFP_Vehicle,215.0,3.761904761904762,0.5686440090867877,21
EYFP,Group I (Activation),EYFP_Vehicle,220.0,3.4761904761904763,0.5099908851615348,21
EYFP,Group I (Activation),EYFP_Vehicle,225.0,3.4285714285714284,0.5003400204405218,21
EYFP,Group I (Activation),EYFP_Vehicle,230.0,3.6666666666666665,0.6522245206957689,21
EYFP,Group I (Activation),EYFP_Vehicle,235.0,3.4,0.559134669777656,20
EYFP,Group I (Activation),EYFP_Vehicle,240.0,2.9473684210526314,0.4924796086883579,19
EYFP,Group I (Activation),EYFP_Vehicle,245.0,2.8947368421052633,0.5236775984771684,19
EYFP,Group I (Activation),EYFP_Vehicle,250.0,3.611111111111111,1.0326021729784405,18
EYFP,Group I (Activation),EYFP_Vehicle,255.0,2.8823529411764706,0.548275055361978,17
EYFP,Group I (Activation),EYFP_Vehicle,260.0,3.1176470588235294,0.6799781189233467,17
EYFP,Group I (Activation),EYFP_Vehicle,265.0,3.2,0.5789974915645968,15
EYFP,Group I (Activation),EYFP_Vehicle,270.0,2.8666666666666667,0.5333333333333333,15
EYFP,Group I (Activation),EYFP_Vehicle,275.0,3.230769230769231,0.6319875663521147,13
EYFP,Group I (Activation),EYFP_Vehicle,280.0,2.9166666666666665,0.6566482077085635,12
EYFP,Group I (Activation),EYFP_Vehicle,285.0,3.090909090909091,0.8469683417346994,11
EYFP,Group I (Activation),EYFP_Vehicle,290.0,3.090909090909091,0.6668043934869908,11
EYFP,Group I (Activation),EYFP_Vehicle,295.0,2.909090909090909,0.6245659649933697,11
EYFP,Group I (Activation),EYFP_Vehicle,300.0,2.2,0.5120763831912405,10
EYFP,Group I (Activation),EYFP_Vehicle,305.0,2.2,0.5925462944877059,10
EYFP,Group I (Activation),EYFP_Vehicle,310.0,2.4444444444444446,0.668977476599572,9
EYFP,Group I (Activation),EYFP_Vehicle,315.0,2.5714285714285716,0.8123201004396182,7
EYFP,Group I (Activation),EYFP_Vehicle,320.0,2.5714285714285716,0.8123201004396182,7
EYFP,Group I (Activation),EYFP_Vehicle,325.0,2.8333333333333335,0.9098229375970788,6
EYFP,Group I (Activation),EYFP_Vehicle,330.0,3.0,1.0,6
EYFP,Group I (Activation),EYFP_Vehicle,335.0,2.6,0.812403840463596,5
EYFP,Group I (Activation),EYFP_Vehicle,340.0,2.8,0.9695359714832659,5
EYFP,Group I (Activation),EYFP_Vehicle,345.0,4.0,1.5811388300841898,4
EYFP,Group I (Activation),EYFP_Vehicle,350.0,3.25,1.1086778913041726,4
EYFP,Group I (Activation),EYFP_Vehicle,355.0,3.0,1.224744871391589,4
EYFP,Group I (Activation),EYFP_Vehicle,360.0,3.6666666666666665,1.4529663145135578,3
EYFP,Group I (Activation),EYFP_Vehicle,365.0,3.6666666666666665,1.4529663145135578,3
EYFP,Group I (Activation),EYFP_Vehicle,370.0,3.6666666666666665,1.4529663145135578,3
EYFP,Group I (Activation),EYFP_Vehicle,375.0,3.6666666666666665,1.4529663145135578,3
EYFP,Group I (Activation),EYFP_Vehicle,380.0,3.6666666666666665,1.4529663145135578,3
EYFP,Group I (Activation),EYFP_Vehicle,385.0,3.6666666666666665,1.4529663145135578,3
EYFP,Group I (Activation),EYFP_Vehicle,390.0,3.0,1.0,3
EYFP,Group I (Activation),EYFP_Vehicle,395.0,3.3333333333333335,1.2018504251546631,3
EYFP,Group I (Activation),EYFP_Vehicle,400.0,2.6666666666666665,1.2018504251546631,3
EYFP,Group I (Activation),EYFP_Vehicle,405.0,2.6666666666666665,1.2018504251546631,3
EYFP,Group I (Activation),EYFP_Vehicle,410.0,2.6666666666666665,1.2018504251546631,3
EYFP,Group I (Activation),EYFP_Vehicle,415.0,3.0,2.0,2
EYFP,Group I (Activation),EYFP_Vehicle,420.0,3.0,2.0,2
EYFP,Group I (Activation),EYFP_Vehicle,425.0,2.0,1.0,2
EYFP,Group I (Activation),EYFP_Vehicle,430.0,2.0,1.0,2
EYFP,Group I (Activation),EYFP_Vehicle,435.0,3.0,0.0,1
EYFP,Group I (Activation),EYFP_Vehicle,440.0,3.0,0.0,1
EYFP,Group I (Activation),EYFP_Vehicle,445.0,3.0,0.0,1
EYFP,Group I (Activation),EYFP_Vehicle,450.0,3.0,0.0,1
EYFP,Group I (Activation),EYFP_Vehicle,455.0,4.0,0.0,1
EYFP,Group I (Activation),EYFP_Vehicle,460.0,4.0,0.0,1
EYFP,Group I (Activation),EYFP_Vehicle,465.0,4.0,0.0,1
EYFP,Group I (Activation),EYFP_Vehicle,470.0,4.0,0.0,1
EYFP,Group I (Activation),EYFP_Vehicle,475.0,3.0,0.0,1
EYFP,Group I (Activation),EYFP_Vehicle,480.0,3.0,0.0,1
EYFP,Group I (Activation),EYFP_Vehicle,485.0,3.0,0.0,1
EYFP,Group I (Activation),EYFP_Vehicle,490.0,3.0,0.0,1
EYFP,Group I (Activation),EYFP_Vehicle,495.0,3.0,0.0,1
EYFP,Group I (Activation),EYFP_Vehicle,500.0,3.0,0.0,1
EYFP,Group I (Activation),EYFP_Vehicle,505.0,2.0,0.0,1
EYFP,Group I (Activation),EYFP_Vehicle,510.0,2.0,0.0,1
EYFP,Group I (Activation),EYFP_Vehicle,515.0,1.0,0.0,1
EYFP,Group I (Activation),EYFP_Vehicle,520.0,1.0,0.0,1
EYFP,Group I (Activation),EYFP_Vehicle,525.0,1.0,0.0,1
EYFP,Group I (Activation),EYFP_Vehicle,530.0,1.0,0.0,1
EYFP,Group I (Activation),EYFP_Vehicle,535.0,1.0,0.0,1
EYFP,Group I (Activation),EYFP_Vehicle,540.0,1.0,0.0,1
EYFP,Group II (Expression only),EYFP_Vehicle,10.0,2.5555555555555554,0.2826372328162046,18
EYFP,Group II (Expression only),EYFP_Vehicle,15.0,5.695652173913044,0.5124334820756317,23
EYFP,Group II (Expression only),EYFP_Vehicle,20.0,7.434782608695652,0.6375164477658773,23
EYFP,Group II (Expression only),EYFP_Vehicle,25.0,7.869565217391305,0.616968067366976,23
EYFP,Group II (Expression only),EYFP_Vehicle,30.0,8.304347826086957,0.6899469608093235,23
EYFP,Group II (Expression only),EYFP_Vehicle,35.0,8.73913043478261,0.7602199372429087,23
EYFP,Group II (Expression only),EYFP_Vehicle,40.0,8.695652173913043,0.6141763423325669,23
EYFP,Group II (Expression only),EYFP_Vehicle,45.0,8.91304347826087,0.5894763653358535,23
EYFP,Group II (Expression only),EYFP_Vehicle,50.0,8.869565217391305,0.620163015118204,23
EYFP,Group II (Expression only),EYFP_Vehicle,55.0,9.434782608695652,0.7407561753307225,23
EYFP,Group II (Expression only),EYFP_Vehicle,60.0,9.304347826086957,0.6486068457475419,23
EYFP,Group II (Expression only),EYFP_Vehicle,65.0,9.217391304347826,0.6471479592661431,23
EYFP,Group II (Expression only),EYFP_Vehicle,70.0,9.347826086956522,0.617942191458778,23
EYFP,Group II (Expression only),EYFP_Vehicle,75.0,9.130434782608695,0.6169680673669758,23
EYFP,Group II (Expression only),EYFP_Vehicle,80.0,9.043478260869565,0.6238927294209866,23
EYFP,Group II (Expression only),EYFP_Vehicle,85.0,8.956521739130435,0.6608123545030723,23
EYFP,Group II (Expression only),EYFP_Vehicle,90.0,8.91304347826087,0.7824988943614684,23
EYFP,Group II (Expression only),EYFP_Vehicle,95.0,8.869565217391305,0.8672895122891928,23
EYFP,Group II (Expression only),EYFP_Vehicle,100.0,8.782608695652174,0.8025564926346809,23
EYFP,Group II (Expression only),EYFP_Vehicle,105.0,9.0,0.7776522892681232,23
EYFP,Group II (Expression only),EYFP_Vehicle,110.0,8.434782608695652,0.8168823577415624,23
EYFP,Group II (Expression only),EYFP_Vehicle,115.0,8.173913043478262,0.7742194179728248,23
EYFP,Group II (Expression only),EYFP_Vehicle,120.0,7.739130434782608,0.7364517842004102,23
EYFP,Group II (Expression only),EYFP_Vehicle,125.0,7.826086956521739,0.7690972427633964,23
EYFP,Group II (Expression only),EYFP_Vehicle,130.0,7.043478260869565,0.6900714887339564,23
EYFP,Group II (Expression only),EYFP_Vehicle,135.0,6.565217391304348,0.6558526024891458,23
EYFP,Group II (Expression only),EYFP_Vehicle,140.0,6.3478260869565215,0.6491365370124237,23
EYFP,Group II (Expression only),EYFP_Vehicle,145.0,6.260869565217392,0.6509870623546626,23
EYFP,Group II (Expression only),EYFP_Vehicle,150.0,5.956521739130435,0.7153822629148302,23
EYFP,Group II (Expression only),EYFP_Vehicle,155.0,5.739130434782608,0.6864510072777802,23
EYFP,Group II (Expression only),EYFP_Vehicle,160.0,5.521739130434782,0.6767440219277784,23
EYFP,Group II (Expression only),EYFP_Vehicle,165.0,5.086956521739131,0.6913155342520985,23
EYFP,Group II (Expression only),EYFP_Vehicle,170.0,5.173913043478261,0.9015844066664226,23
EYFP,Group II (Expression only),EYFP_Vehicle,175.0,4.913043478260869,0.7515807938188647,23
EYFP,Group II (Expression only),EYFP_Vehicle,180.0,4.826086956521739,0.6962694889461449,23
EYFP,Group II (Expression only),EYFP_Vehicle,185.0,4.478260869565218,0.6796580319432309,23
EYFP,Group II (Expression only),EYFP_Vehicle,190.0,4.260869565217392,0.6689540868945464,23
EYFP,Group II (Expression only),EYFP_Vehicle,195.0,4.304347826086956,0.7838154946660847,23
EYFP,Group II (Expression only),EYFP_Vehicle,200.0,4.3478260869565215,0.6612023293700074,23
EYFP,Group II (Expression only),EYFP_Vehicle,205.0,4.285714285714286,0.7142857142857143,21
EYFP,Group II (Expression only),EYFP_Vehicle,210.0,4.571428571428571,0.7975302011640107,21
EYFP,Group II (Expression only),EYFP_Vehicle,215.0,3.761904761904762,0.5686440090867877,21
EYFP,Group II (Expression only),EYFP_Vehicle,220.0,3.4761904761904763,0.5099908851615348,21
EYFP,Group II (Expression only),EYFP_Vehicle,225.0,3.4285714285714284,0.5003400204405218,21
EYFP,Group II (Expression only),EYFP_Vehicle,230.0,3.6666666666666665,0.6522245206957689,21
EYFP,Group II (Expression only),EYFP_Vehicle,235.0,3.4,0.559134669777656,20
EYFP,Group II (Expression only),EYFP_Vehicle,240.0,2.9473684210526314,0.4924796086883579,19
EYFP,Group II (Expression only),EYFP_Vehicle,245.0,2.8947368421052633,0.5236775984771684,19
EYFP,Group II (Expression only),EYFP_Vehicle,250.0,3.611111111111111,1.0326021729784405,18
EYFP,Group II (Expression only),EYFP_Vehicle,255.0,2.8823529411764706,0.548275055361978,17
EYFP,Group II (Expression only),EYFP_Vehicle,260.0,3.1176470588235294,0.6799781189233467,17
EYFP,Group II (Expression only),EYFP_Vehicle,265.0,3.2,0.5789974915645968,15
EYFP,Group II (Expression only),EYFP_Vehicle,270.0,2.8666666666666667,0.5333333333333333,15
EYFP,Group II (Expression only),EYFP_Vehicle,275.0,3.230769230769231,0.6319875663521147,13
EYFP,Group II (Expression only),EYFP_Vehicle,280.0,2.9166666666666665,0.6566482077085635,12
EYFP,Group II (Expression only),EYFP_Vehicle,285.0,3.090909090909091,0.8469683417346994,11
EYFP,Group II (Expression only),EYFP_Vehicle,290.0,3.090909090909091,0.6668043934869908,11
EYFP,Group II (Expression only),EYFP_Vehicle,295.0,2.909090909090909,0.6245659649933697,11
EYFP,Group II (Expression only),EYFP_Vehicle,300.0,2.2,0.5120763831912405,10
EYFP,Group II (Expression only),EYFP_Vehicle,305.0,2.2,0.5925462944877059,10
EYFP,Group II (Expression only),EYFP_Vehicle,310.0,2.4444444444444446,0.668977476599572,9
EYFP,Group II (Expression only),EYFP_Vehicle,315.0,2.5714285714285716,0.8123201004396182,7
EYFP,Group II (Expression only),EYFP_Vehicle,320.0,2.5714285714285716,0.8123201004396182,7
EYFP,Group II (Expression only),EYFP_Vehicle,325.0,2.8333333333333335,0.9098229375970788,6
EYFP,Group II (Expression only),EYFP_Vehicle,330.0,3.0,1.0,6
EYFP,Group II (Expression only),EYFP_Vehicle,335.0,2.6,0.812403840463596,5
EYFP,Group II (Expression only),EYFP_Vehicle,340.0,2.8,0.9695359714832659,5
EYFP,Group II (Expression only),EYFP_Vehicle,345.0,4.0,1.5811388300841898,4
EYFP,Group II (Expression only),EYFP_Vehicle,350.0,3.25,1.1086778913041726,4
EYFP,Group II (Expression only),EYFP_Vehicle,355.0,3.0,1.224744871391589,4
EYFP,Group II (Expression only),EYFP_Vehicle,360.0,3.6666666666666665,1.4529663145135578,3
EYFP,Group II (Expression only),EYFP_Vehicle,365.0,3.6666666666666665,1.4529663145135578,3
EYFP,Group II (Expression only),EYFP_Vehicle,370.0,3.6666666666666665,1.4529663145135578,3
EYFP,Group II (Expression only),EYFP_Vehicle,375.0,3.6666666666666665,1.4529663145135578,3
EYFP,Group II (Expression only),EYFP_Vehicle,380.0,3.6666666666666665,1.4529663145135578,3
EYFP,Group II (Expression only),EYFP_Vehicle,385.0,3.6666666666666665,1.4529663145135578,3
EYFP,Group II (Expression only),EYFP_Vehicle,390.0,3.0,1.0,3
EYFP,Group II (Expression only),EYFP_Vehicle,395.0,3.3333333333333335,1.2018504251546631,3
EYFP,Group II (Expression only),EYFP_Vehicle,400.0,2.6666666666666665,1.2018504251546631,3
EYFP,Group II (Expression only),EYFP_Vehicle,405.0,2.6666666666666665,1.2018504251546631,3
EYFP,Group II (Expression only),EYFP_Vehicle,410.0,2.6666666666666665,1.2018504251546631,3
EYFP,Group II (Expression only),EYFP_Vehicle,415.0,3.0,2.0,2
EYFP,Group II (Expression only),EYFP_Vehicle,420.0,3.0,2.0,2
EYFP,Group II (Expression only),EYFP_Vehicle,425.0,2.0,1.0,2
EYFP,Group II (Expression only),EYFP_Vehicle,430.0,2.0,1.0,2
EYFP,Group II (Expression only),EYFP_Vehicle,435.0,3.0,0.0,1
EYFP,Group II (Expression only),EYFP_Vehicle,440.0,3.0,0.0,1
EYFP,Group II (Expression only),EYFP_Vehicle,445.0,3.0,0.0,1
EYFP,Group II (Expression only),EYFP_Vehicle,450.0,3.0,0.0,1
EYFP,Group II (Expression only),EYFP_Vehicle,455.0,4.0,0.0,1
EYFP,Group II (Expression only),EYFP_Vehicle,460.0,4.0,0.0,1
EYFP,Group II (Expression only),EYFP_Vehicle,465.0,4.0,0.0,1
EYFP,Group II (Expression only),EYFP_Vehicle,470.0,4.0,0.0,1
EYFP,Group II (Expression only),EYFP_Vehicle,475.0,3.0,0.0,1
EYFP,Group II (Expression only),EYFP_Vehicle,480.0,3.0,0.0,1
EYFP,Group II (Expression only),EYFP_Vehicle,485.0,3.0,0.0,1
EYFP,Group II (Expression only),EYFP_Vehicle,490.0,3.0,0.0,1
EYFP,Group II (Expression only),EYFP_Vehicle,495.0,3.0,0.0,1
EYFP,Group II (Expression only),EYFP_Vehicle,500.0,3.0,0.0,1
EYFP,Group II (Expression only),EYFP_Vehicle,505.0,2.0,0.0,1
EYFP,Group II (Expression only),EYFP_Vehicle,510.0,2.0,0.0,1
EYFP,Group II (Expression only),EYFP_Vehicle,515.0,1.0,0.0,1
EYFP,Group II (Expression only),EYFP_Vehicle,520.0,1.0,0.0,1
EYFP,Group II (Expression only),EYFP_Vehicle,525.0,1.0,0.0,1
EYFP,Group II (Expression only),EYFP_Vehicle,530.0,1.0,0.0,1
EYFP,Group II (Expression only),EYFP_Vehicle,535.0,1.0,0.0,1
EYFP,Group II (Expression only),EYFP_Vehicle,540.0,1.0,0.0,1
EYFP,Group III (Effector only),None_Vehicle,5.0,0.18181818181818182,0.18181818181818182,11
EYFP,Group III (Effector only),None_Vehicle,10.0,1.6363636363636365,0.5604012729971797,11
EYFP,Group III (Effector only),None_Vehicle,15.0,4.909090909090909,1.0909090909090908,11
EYFP,Group III (Effector only),None_Vehicle,20.0,7.0,0.8842048302391148,11
EYFP,Group III (Effector only),None_Vehicle,25.0,8.363636363636363,0.823216830739765,11
EYFP,Group III (Effector only),None_Vehicle,30.0,8.181818181818182,0.5529784118452926,11
EYFP,Group III (Effector only),None_Vehicle,35.0,8.818181818181818,0.6580713116674132,11
EYFP,Group III (Effector only),None_Vehicle,40.0,9.727272727272727,0.8322030902796952,11
EYFP,Group III (Effector only),None_Vehicle,45.0,10.363636363636363,0.9748913904330552,11
EYFP,Group III (Effector only),None_Vehicle,50.0,10.727272727272727,0.9350829724090031,11
EYFP,Group III (Effector only),None_Vehicle,55.0,10.636363636363637,0.8008260198380088,11
EYFP,Group III (Effector only),None_Vehicle,60.0,11.454545454545455,1.0389123365208475,11
EYFP,Group III (Effector only),None_Vehicle,65.0,10.818181818181818,1.0515631811579094,11
EYFP,Group III (Effector only),None_Vehicle,70.0,11.454545454545455,0.856670471955618,11
EYFP,Group III (Effector only),None_Vehicle,75.0,10.909090909090908,0.8576346483687821,11
EYFP,Group III (Effector only),None_Vehicle,80.0,10.727272727272727,0.9054472434900896,11
EYFP,Group III (Effector only),None_Vehicle,85.0,11.090909090909092,0.9482476225749309,11
EYFP,Group III (Effector only),None_Vehicle,90.0,11.909090909090908,1.0741131263812311,11
EYFP,Group III (Effector only),None_Vehicle,95.0,11.363636363636363,1.089392885741472,11
EYFP,Group III (Effector only),None_Vehicle,100.0,11.454545454545455,0.9279854658308978,11
EYFP,Group III (Effector only),None_Vehicle,105.0,12.0,1.3211565181516327,11
EYFP,Group III (Effector only),None_Vehicle,110.0,11.272727272727273,0.9917011013305195,11
EYFP,Group III (Effector only),None_Vehicle,115.0,10.545454545454545,1.1148879794004285,11
EYFP,Group III (Effector only),None_Vehicle,120.0,10.090909090909092,0.9577867048047944,11
EYFP,Group III (Effector only),None_Vehicle,125.0,9.818181818181818,0.9983457391485342,11
EYFP,Group III (Effector only),None_Vehicle,130.0,9.727272727272727,1.1527903624834441,11
EYFP,Group III (Effector only),None_Vehicle,135.0,11.181818181818182,1.6114261431651258,11
EYFP,Group III (Effector only),None_Vehicle,140.0,9.181818181818182,1.2850057079334267,11
EYFP,Group III (Effector only),None_Vehicle,145.0,8.909090909090908,1.3173978860172217,11
EYFP,Group III (Effector only),None_Vehicle,150.0,9.363636363636363,1.114146450898439,11
EYFP,Group III (Effector only),None_Vehicle,155.0,9.090909090909092,1.3242805625185559,11
EYFP,Group III (Effector only),None_Vehicle,160.0,8.363636363636363,1.1853095282186632,11
EYFP,Group III (Effector only),None_Vehicle,165.0,7.909090909090909,1.2094667905136427,11
EYFP,Group III (Effector only),None_Vehicle,170.0,7.636363636363637,1.1853095282186634,11
EYFP,Group III (Effector only),None_Vehicle,175.0,7.7272727272727275,1.3557346823496181,11
EYFP,Group III (Effector only),None_Vehicle,180.0,7.454545454545454,1.2675218223951548,11
EYFP,Group III (Effector only),None_Vehicle,185.0,8.272727272727273,1.7220015261893198,11
EYFP,Group III (Effector only),None_Vehicle,190.0,8.272727272727273,1.8095248451704817,11
EYFP,Group III (Effector only),None_Vehicle,195.0,7.2727272727272725,1.5379496923496383,11
EYFP,Group III (Effector only),None_Vehicle,200.0,7.0,1.4832396974191324,11
EYFP,Group III (Effector only),None_Vehicle,205.0,6.636363636363637,1.4477112172650461,11
EYFP,Group III (Effector only),None_Vehicle,210.0,6.7272727272727275,1.5787849706249024,11
EYFP,Group III (Effector only),None_Vehicle,215.0,5.545454545454546,1.0733434285923957,11
EYFP,Group III (Effector only),None_Vehicle,220.0,6.3,1.3503086067019396,10
EYFP,Group III (Effector only),None_Vehicle,225.0,5.8,1.0624918300339485,10
EYFP,Group III (Effector only),None_Vehicle,230.0,5.9,1.1396880664852505,10
EYFP,Group III (Effector only),None_Vehicle,235.0,5.6,0.8844332774281066,10
EYFP,Group III (Effector only),None_Vehicle,240.0,5.7,0.989388138643722,10
EYFP,Group III (Effector only),None_Vehicle,245.0,4.9,0.8491826135237999,10
EYFP,Group III (Effector only),None_Vehicle,250.0,4.9,1.026861453383291,10
EYFP,Group III (Effector only),None_Vehicle,255.0,4.9,0.9480975102218594,10
EYFP,Group III (Effector only),None_Vehicle,260.0,4.4,1.1175369742826806,10
EYFP,Group III (Effector only),None_Vehicle,265.0,5.857142857142857,1.4545261285048823,7
EYFP,Group III (Effector only),None_Vehicle,270.0,7.166666666666667,2.25708760229736,6
EYFP,Group III (Effector only),None_Vehicle,275.0,5.166666666666667,1.3519533193782163,6
EYFP,Group III (Effector only),None_Vehicle,280.0,7.6,2.3151673805580453,5
EYFP,Group III (Effector only),None_Vehicle,285.0,6.25,0.8539125638299665,4
EYFP,Group III (Effector only),None_Vehicle,290.0,6.0,1.0801234497346435,4
EYFP,Group III (Effector only),None_Vehicle,295.0,7.0,0.5773502691896257,3
EYFP,Group III (Effector only),None_Vehicle,300.0,7.333333333333333,1.2018504251546631,3
EYFP,Group III (Effector only),None_Vehicle,305.0,6.333333333333333,1.2018504251546631,3
EYFP,Group III (Effector only),None_Vehicle,310.0,6.666666666666667,0.881917103688197,3
EYFP,Group III (Effector only),None_Vehicle,315.0,6.0,1.5275252316519468,3
EYFP,Group III (Effector only),None_Vehicle,320.0,4.666666666666667,1.4529663145135578,3
EYFP,Group III (Effector only),None_Vehicle,325.0,4.666666666666667,1.4529663145135578,3
EYFP,Group III (Effector only),None_Vehicle,330.0,4.0,1.1547005383792515,3
EYFP,Group III (Effector only),None_Vehicle,335.0,3.6666666666666665,1.4529663145135578,3
EYFP,Group III (Effector only),None_Vehicle,340.0,3.6666666666666665,1.4529663145135578,3
EYFP,Group III (Effector only),None_Vehicle,345.0,5.0,1.0,2
EYFP,Group III (Effector only),None_Vehicle,350.0,5.0,1.0,2
EYFP,Group III (Effector only),None_Vehicle,355.0,5.0,1.0,2
EYFP,Group III (Effector only),None_Vehicle,360.0,5.0,1.0,2
EYFP,Group III (Effector only),None_Vehicle,365.0,4.5,1.5,2
EYFP,Group III (Effector only),None_Vehicle,370.0,4.5,1.5,2
EYFP,Group III (Effector only),None_Vehicle,375.0,4.5,1.5,2
EYFP,Group III (Effector only),None_Vehicle,380.0,4.5,1.5,2
EYFP,Group III (Effector only),None_Vehicle,385.0,4.5,1.5,2
EYFP,Group III (Effector only),None_Vehicle,390.0,4.5,1.5,2
EYFP,Group III (Effector only),None_Vehicle,395.0,4.5,1.5,2
EYFP,Group III (Effector only),None_Vehicle,400.0,5.0,2.0,2
EYFP,Group III (Effector only),None_Vehicle,405.0,3.5,0.5,2
EYFP,Group III (Effector only),None_Vehicle,410.0,3.0,0.0,2
EYFP,Group III (Effector only),None_Vehicle,415.0,3.0,0.0,2
EYFP,Group III (Effector only),None_Vehicle,420.0,3.0,0.0,2
EYFP,Group III (Effector only),None_Vehicle,425.0,3.0,0.0,2
EYFP,Group III (Effector only),None_Vehicle,430.0,3.5,0.5,2
EYFP,Group III (Effector only),None_Vehicle,435.0,3.5,0.5,2
EYFP,Group III (Effector only),None_Vehicle,440.0,2.5,0.5,2
EYFP,Group III (Effector only),None_Vehicle,445.0,2.5,0.5,2
EYFP,Group III (Effector only),None_Vehicle,450.0,2.0,0.0,2
EYFP,Group III (Effector only),None_Vehicle,455.0,2.0,0.0,2
EYFP,Group III (Effector only),None_Vehicle,460.0,2.0,0.0,2
EYFP,Group III (Effector only),None_Vehicle,465.0,1.5,0.5,2
EYFP,Group III (Effector only),None_Vehicle,470.0,1.5,0.5,2
EYFP,Group III (Effector only),None_Vehicle,475.0,1.5,0.5,2
EYFP,Group III (Effector only),None_Vehicle,480.0,1.5,0.5,2
EYFP,Group III (Effector only),None_Vehicle,485.0,1.5,0.5,2
EYFP,Group III (Effector only),None_Vehicle,490.0,1.5,0.5,2
EYFP,Group III (Effector only),None_Vehicle,495.0,1.5,0.5,2
EYFP,Group III (Effector only),None_Vehicle,500.0,1.5,0.5,2
EYFP,Group III (Effector only),None_Vehicle,505.0,1.5,0.5,2
EYFP,Group III (Effector only),None_Vehicle,510.0,1.5,0.5,2
EYFP,Group III (Effector only),None_Vehicle,515.0,1.5,0.5,2
EYFP,Group III (Effector only),None_Vehicle,520.0,1.0,0.0,2
EYFP,Group III (Effector only),None_Vehicle,525.0,1.0,0.0,2
EYFP,Group III (Effector only),None_Vehicle,530.0,1.0,0.0,2
EYFP,Group III (Effector only),None_Vehicle,535.0,1.0,0.0,2
EYFP,Group III (Effector only),None_Vehicle,540.0,1.0,0.0,1
EYFP,Group III (Effector only),None_Vehicle,545.0,1.0,0.0,1
LMO7,Group I (Activation),LMO7_hCTZ,5.0,2.0,0.0,1
LMO7,Group I (Activation),LMO7_hCTZ,10.0,4.111111111111111,0.7349309197401641,9
LMO7,Group I (Activation),LMO7_hCTZ,15.0,8.444444444444445,1.68416737680268,9
LMO7,Group I (Activation),LMO7_hCTZ,20.0,9.333333333333334,1.4240006242195886,9
LMO7,Group I (Activation),LMO7_hCTZ,25.0,10.0,1.4624940645653537,9
LMO7,Group I (Activation),LMO7_hCTZ,30.0,10.666666666666666,1.4142135623730951,9
LMO7,Group I (Activation),LMO7_hCTZ,35.0,11.777777777777779,1.3414107186277375,9
LMO7,Group I (Activation),LMO7_hCTZ,40.0,11.88888888888889,1.457208560956,9
LMO7,Group I (Activation),LMO7_hCTZ,45.0,11.88888888888889,1.4087469259006629,9
LMO7,Group I (Activation),LMO7_hCTZ,50.0,11.333333333333334,1.2133516482134197,9
LMO7,Group I (Activation),LMO7_hCTZ,55.0,11.222222222222221,1.1876421292462196,9
LMO7,Group I (Activation),LMO7_hCTZ,60.0,11.0,1.2018504251546631,9
LMO7,Group I (Activation),LMO7_hCTZ,65.0,11.0,0.8333333333333331,9
LMO7,Group I (Activation),LMO7_hCTZ,70.0,10.555555555555555,0.8992452253465915,9
LMO7,Group I (Activation),LMO7_hCTZ,75.0,9.777777777777779,0.829621362392671,9
LMO7,Group I (Activation),LMO7_hCTZ,80.0,9.88888888888889,0.7895928001973275,9
LMO7,Group I (Activation),LMO7_hCTZ,85.0,9.555555555555555,0.9590375834240039,9
LMO7,Group I (Activation),LMO7_hCTZ,90.0,8.11111111111111,0.9781564923143895,9
LMO7,Group I (Activation),LMO7_hCTZ,95.0,7.111111111111111,0.9196080754026027,9
LMO7,Group I (Activation),LMO7_hCTZ,100.0,7.875,0.6391260774347599,8
LMO7,Group I (Activation),LMO7_hCTZ,105.0,7.75,0.7499999999999999,8
LMO7,Group I (Activation),LMO7_hCTZ,110.0,7.875,0.9899043965382285,8
LMO7,Group I (Activation),LMO7_hCTZ,115.0,7.125,1.1716517644517321,8
LMO7,Group I (Activation),LMO7_hCTZ,120.0,6.5,1.3363062095621219,8
LMO7,Group I (Activation),LMO7_hCTZ,125.0,6.75,1.5555201243130405,8
LMO7,Group I (Activation),LMO7_hCTZ,130.0,6.125,1.5170165739748152,8
LMO7,Group I (Activation),LMO7_hCTZ,135.0,6.125,1.5972912338438114,8
LMO7,Group I (Activation),LMO7_hCTZ,140.0,7.285714285714286,1.8088971345926264,7
LMO7,Group I (Activation),LMO7_hCTZ,145.0,6.0,1.5430334996209192,7
LMO7,Group I (Activation),LMO7_hCTZ,150.0,5.0,1.4309504001254019,7
LMO7,Group I (Activation),LMO7_hCTZ,155.0,4.571428571428571,1.4937511563198211,7
LMO7,Group I (Activation),LMO7_hCTZ,160.0,5.166666666666667,1.887090647295755,6
LMO7,Group I (Activation),LMO7_hCTZ,165.0,5.8,1.7435595774162693,5
LMO7,Group I (Activation),LMO7_hCTZ,170.0,6.0,2.04939015319192,5
LMO7,Group I (Activation),LMO7_hCTZ,175.0,4.8,1.7435595774162693,5
LMO7,Group I (Activation),LMO7_hCTZ,180.0,4.4,1.5033296378372907,5
LMO7,Group I (Activation),LMO7_hCTZ,185.0,4.4,1.2489995996796797,5
LMO7,Group I (Activation),LMO7_hCTZ,190.0,3.4,1.469693845669907,5
LMO7,Group I (Activation),LMO7_hCTZ,195.0,3.0,1.1547005383792515,4
LMO7,Group I (Activation),LMO7_hCTZ,200.0,3.6666666666666665,1.3333333333333335,3
LMO7,Group I (Activation),LMO7_hCTZ,205.0,3.0,1.0,3
LMO7,Group I (Activation),LMO7_hCTZ,210.0,3.0,1.0,3
LMO7,Group I (Activation),LMO7_hCTZ,215.0,2.3333333333333335,0.6666666666666666,3
LMO7,Group I (Activation),LMO7_hCTZ,220.0,2.3333333333333335,0.6666666666666666,3
LMO7,Group I (Activation),LMO7_hCTZ,225.0,1.6666666666666667,0.3333333333333333,3
LMO7,Group I (Activation),LMO7_hCTZ,230.0,1.6666666666666667,0.3333333333333333,3
LMO7,Group I (Activation),LMO7_hCTZ,235.0,1.6666666666666667,0.3333333333333333,3
LMO7,Group I (Activation),LMO7_hCTZ,240.0,1.0,0.0,2
LMO7,Group I (Activation),LMO7_hCTZ,245.0,1.0,0.0,2
LMO7,Group I (Activation),LMO7_hCTZ,250.0,1.0,0.0,2
LMO7,Group I (Activation),LMO7_hCTZ,255.0,1.0,0.0,2
LMO7,Group II (Expression only),LMO7_Vehicle,5.0,1.0,0.0,1
LMO7,Group II (Expression only),LMO7_Vehicle,10.0,5.0,0.6236095644623235,9
LMO7,Group II (Expression only),LMO7_Vehicle,15.0,9.545454545454545,1.5918179222262392,11
LMO7,Group II (Expression only),LMO7_Vehicle,20.0,12.272727272727273,1.4212088906082039,11
LMO7,Group II (Expression only),LMO7_Vehicle,25.0,13.636363636363637,1.200550837761395,11
LMO7,Group II (Expression only),LMO7_Vehicle,30.0,14.636363636363637,1.74393873575008,11
LMO7,Group II (Expression only),LMO7_Vehicle,35.0,14.727272727272727,1.7533910474532644,11
LMO7,Group II (Expression only),LMO7_Vehicle,40.0,15.727272727272727,1.8881973562629373,11
LMO7,Group II (Expression only),LMO7_Vehicle,45.0,16.636363636363637,1.8745798427319278,11
LMO7,Group II (Expression only),LMO7_Vehicle,50.0,17.727272727272727,2.0140005826978893,11
LMO7,Group II (Expression only),LMO7_Vehicle,55.0,17.363636363636363,2.1031263623158183,11
LMO7,Group II (Expression only),LMO7_Vehicle,60.0,17.727272727272727,2.2526384897025213,11
LMO7,Group II (Expression only),LMO7_Vehicle,65.0,16.818181818181817,2.2555716139784,11
LMO7,Group II (Expression only),LMO7_Vehicle,70.0,15.545454545454545,1.946388900519656,11
LMO7,Group II (Expression only),LMO7_Vehicle,75.0,15.090909090909092,2.0425231519976172,11
LMO7,Group II (Expression only),LMO7_Vehicle,80.0,13.0,1.7320508075688774,11
LMO7,Group II (Expression only),LMO7_Vehicle,85.0,11.818181818181818,1.524456277545788,11
LMO7,Group II (Expression only),LMO7_Vehicle,90.0,11.909090909090908,1.5222862319225077,11
LMO7,Group II (Expression only),LMO7_Vehicle,95.0,11.181818181818182,1.693936683469399,11
LMO7,Group II (Expression only),LMO7_Vehicle,100.0,9.909090909090908,1.65394594533275,11
LMO7,Group II (Expression only),LMO7_Vehicle,105.0,9.272727272727273,1.526081786744967,11
LMO7,Group II (Expression only),LMO7_Vehicle,110.0,8.727272727272727,1.6846413650761458,11
LMO7,Group II (Expression only),LMO7_Vehicle,115.0,7.545454545454546,1.5277055663709094,11
LMO7,Group II (Expression only),LMO7_Vehicle,120.0,7.5,1.3763881881375053,10
LMO7,Group II (Expression only),LMO7_Vehicle,125.0,7.3,1.382831234179436,10
LMO7,Group II (Expression only),LMO7_Vehicle,130.0,6.4,1.32664991614216,10
LMO7,Group II (Expression only),LMO7_Vehicle,135.0,6.444444444444445,1.2484558363469018,9
LMO7,Group II (Expression only),LMO7_Vehicle,140.0,5.0,1.118033988749895,9
LMO7,Group II (Expression only),LMO7_Vehicle,145.0,5.5,1.239239398064105,8
LMO7,Group II (Expression only),LMO7_Vehicle,150.0,5.0,0.9819805060619657,8
LMO7,Group II (Expression only),LMO7_Vehicle,155.0,4.375,0.8003905296791061,8
LMO7,Group II (Expression only),LMO7_Vehicle,160.0,4.125,0.63912607743476,8
LMO7,Group II (Expression only),LMO7_Vehicle,165.0,4.125,0.63912607743476,8
LMO7,Group II (Expression only),LMO7_Vehicle,170.0,3.875,0.6664806288043401,8
LMO7,Group II (Expression only),LMO7_Vehicle,175.0,3.4285714285714284,0.6116777418411966,7
LMO7,Group II (Expression only),LMO7_Vehicle,180.0,3.4285714285714284,0.6116777418411966,7
LMO7,Group II (Expression only),LMO7_Vehicle,185.0,3.6666666666666665,0.4944132324730442,6
LMO7,Group II (Expression only),LMO7_Vehicle,190.0,3.3333333333333335,0.4944132324730442,6
LMO7,Group II (Expression only),LMO7_Vehicle,195.0,3.0,0.6324555320336759,6
LMO7,Group II (Expression only),LMO7_Vehicle,200.0,3.6,0.6782329983125268,5
LMO7,Group II (Expression only),LMO7_Vehicle,205.0,3.2,0.8602325267042626,5
LMO7,Group II (Expression only),LMO7_Vehicle,210.0,3.0,0.8944271909999159,5
LMO7,Group II (Expression only),LMO7_Vehicle,215.0,3.0,0.7071067811865476,4
LMO7,Group II (Expression only),LMO7_Vehicle,220.0,2.75,0.6291528696058958,4
LMO7,Group II (Expression only),LMO7_Vehicle,225.0,2.75,0.6291528696058958,4
LMO7,Group II (Expression only),LMO7_Vehicle,230.0,2.5,0.6454972243679028,4
LMO7,Group II (Expression only),LMO7_Vehicle,235.0,2.5,0.6454972243679028,4
LMO7,Group II (Expression only),LMO7_Vehicle,240.0,2.25,0.6291528696058958,4
LMO7,Group II (Expression only),LMO7_Vehicle,245.0,2.0,0.408248290463863,4
LMO7,Group II (Expression only),LMO7_Vehicle,250.0,2.0,0.5773502691896257,3
LMO7,Group II (Expression only),LMO7_Vehicle,255.0,2.0,1.0,2
LMO7,Group II (Expression only),LMO7_Vehicle,260.0,1.0,0.0,1
LMO7,Group II (Expression only),LMO7_Vehicle,265.0,1.0,0.0,1
LMO7,Group II (Expression only),LMO7_Vehicle,270.0,2.0,0.0,1
LMO7,Group III (Effector only),None_hCTZ,0.0,2.0833333333333335,0.6087534871200394,12
LMO7,Group III (Effector only),None_hCTZ,5.0,5.166666666666667,0.7159792333764036,12
LMO7,Group III (Effector only),None_hCTZ,10.0,7.083333333333333,0.4515685345704917,12
LMO7,Group III (Effector only),None_hCTZ,15.0,8.083333333333334,0.9649802426406815,12
LMO7,Group III (Effector only),None_hCTZ,20.0,8.166666666666666,0.7159792333764036,12
LMO7,Group III (Effector only),None_hCTZ,25.0,9.0,0.685344416842342,12
LMO7,Group III (Effector only),None_hCTZ,30.0,10.75,1.0159709492386924,12
LMO7,Group III (Effector only),None_hCTZ,35.0,10.5,0.9574271077563381,12
LMO7,Group III (Effector only),None_hCTZ,40.0,11.75,1.472603343083468,12
LMO7,Group III (Effector only),None_hCTZ,45.0,11.25,1.2439246298906075,12
LMO7,Group III (Effector only),None_hCTZ,50.0,11.75,1.3768926368215257,12
LMO7,Group III (Effector only),None_hCTZ,55.0,15.166666666666666,3.002103639554481,12
LMO7,Group III (Effector only),None_hCTZ,60.0,12.833333333333334,1.700415873077566,12
LMO7,Group III (Effector only),None_hCTZ,65.0,13.333333333333334,1.9475444264327564,12
LMO7,Group III (Effector only),None_hCTZ,70.0,13.166666666666666,2.1027879521523736,12
LMO7,Group III (Effector only),None_hCTZ,75.0,12.666666666666666,1.72034762754391,12
LMO7,Group III (Effector only),None_hCTZ,80.0,13.583333333333334,1.742770057909957,12
LMO7,Group III (Effector only),None_hCTZ,85.0,13.166666666666666,1.6959547830831536,12
LMO7,Group III (Effector only),None_hCTZ,90.0,12.916666666666666,1.689801554304319,12
LMO7,Group III (Effector only),None_hCTZ,95.0,12.833333333333334,1.6959547830831534,12
LMO7,Group III (Effector only),None_hCTZ,100.0,12.25,1.4202272545425447,12
LMO7,Group III (Effector only),None_hCTZ,105.0,12.166666666666666,1.369767362095705,12
LMO7,Group III (Effector only),None_hCTZ,110.0,12.0,1.4668044012461754,12
LMO7,Group III (Effector only),None_hCTZ,115.0,11.416666666666666,1.2936812246883351,12
LMO7,Group III (Effector only),None_hCTZ,120.0,10.75,1.2068303086761594,12
LMO7,Group III (Effector only),None_hCTZ,125.0,10.166666666666666,1.1202903664008297,12
LMO7,Group III (Effector only),None_hCTZ,130.0,9.833333333333334,0.9834488889473195,12
LMO7,Group III (Effector only),None_hCTZ,135.0,9.916666666666666,1.0258649959419563,12
LMO7,Group III (Effector only),None_hCTZ,140.0,8.916666666666666,0.7012794944192574,12
LMO7,Group III (Effector only),None_hCTZ,145.0,8.833333333333334,0.8862017464175611,12
LMO7,Group III (Effector only),None_hCTZ,150.0,9.0,1.02247471629109,12
LMO7,Group III (Effector only),None_hCTZ,155.0,9.083333333333334,0.9491490074713445,12
LMO7,Group III (Effector only),None_hCTZ,160.0,9.333333333333334,1.4633571475938951,12
LMO7,Group III (Effector only),None_hCTZ,165.0,8.25,1.2378194414764092,12
LMO7,Group III (Effector only),None_hCTZ,170.0,7.5,0.9087120422650815,12
LMO7,Group III (Effector only),None_hCTZ,175.0,7.0,0.9692233691951195,12
LMO7,Group III (Effector only),None_hCTZ,180.0,6.583333333333333,1.0109876159458926,12
LMO7,Group III (Effector only),None_hCTZ,185.0,6.818181818181818,0.9983457391485342,11
LMO7,Group III (Effector only),None_hCTZ,190.0,6.363636363636363,1.1059568236905855,11
LMO7,Group III (Effector only),None_hCTZ,195.0,5.818181818181818,0.9612319918462766,11
LMO7,Group III (Effector only),None_hCTZ,200.0,5.909090909090909,0.9858503063073425,11
LMO7,Group III (Effector only),None_hCTZ,205.0,5.545454545454546,0.8776377008107035,11
LMO7,Group III (Effector only),None_hCTZ,210.0,4.636363636363637,0.9072709054454289,11
LMO7,Group III (Effector only),None_hCTZ,215.0,4.9,0.9243616415908031,10
LMO7,Group III (Effector only),None_hCTZ,220.0,4.5,1.02469507659596,10
LMO7,Group III (Effector only),None_hCTZ,225.0,4.1,0.9938701010583716,10
LMO7,Group III (Effector only),None_hCTZ,230.0,3.7,1.054619467970425,10
LMO7,Group III (Effector only),None_hCTZ,235.0,4.2,1.4892205269125784,10
LMO7,Group III (Effector only),None_hCTZ,240.0,4.222222222222222,1.1992796191623836,9
LMO7,Group III (Effector only),None_hCTZ,245.0,3.6666666666666665,1.118033988749895,9
LMO7,Group III (Effector only),None_hCTZ,250.0,3.75,1.0978875820671,8
LMO7,Group III (Effector only),None_hCTZ,255.0,4.125,1.4812820219564633,8
LMO7,Group III (Effector only),None_hCTZ,260.0,3.375,1.0340195494145303,8
LMO7,Group III (Effector only),None_hCTZ,265.0,4.0,1.2535663410560174,8
LMO7,Group III (Effector only),None_hCTZ,270.0,3.125,1.1716517644517321,8
LMO7,Group III (Effector only),None_hCTZ,275.0,2.75,0.674801558131828,8
LMO7,Group III (Effector only),None_hCTZ,280.0,4.0,1.558387444947959,7
LMO7,Group III (Effector only),None_hCTZ,285.0,3.1666666666666665,0.9803627446568495,6
LMO7,Group III (Effector only),None_hCTZ,290.0,2.6666666666666665,0.9189365834726815,6
LMO7,Group III (Effector only),None_hCTZ,295.0,2.5,0.9219544457292888,6
LMO7,Group III (Effector only),None_hCTZ,300.0,2.6666666666666665,0.7149203529842405,6
LMO7,Group III (Effector only),None_hCTZ,305.0,2.1666666666666665,0.4772607021092118,6
LMO7,Group III (Effector only),None_hCTZ,310.0,2.0,0.4472135954999579,6
LMO7,Group III (Effector only),None_hCTZ,315.0,2.0,0.5477225575051661,5
LMO7,Group III (Effector only),None_hCTZ,320.0,2.4,1.16619037896906,5
LMO7,Group III (Effector only),None_hCTZ,325.0,1.8,0.58309518948453,5
LMO7,Group III (Effector only),None_hCTZ,330.0,1.8,0.58309518948453,5
LMO7,Group III (Effector only),None_hCTZ,335.0,1.4,0.2449489742783178,5
LMO7,Group III (Effector only),None_hCTZ,340.0,1.2,0.2,5
LMO7,Group III (Effector only),None_hCTZ,345.0,1.2,0.2,5
LMO7,Group III (Effector only),None_hCTZ,350.0,1.0,0.0,5
LMO7,Group III (Effector only),None_hCTZ,355.0,1.2,0.2,5
LMO7,Group III (Effector only),None_hCTZ,360.0,1.8,0.7999999999999999,5
LMO7,Group III (Effector only),None_hCTZ,365.0,2.0,1.0,3
LMO7,Group III (Effector only),None_hCTZ,370.0,2.0,1.0,3
LMO7,Group III (Effector only),None_hCTZ,375.0,1.6666666666666667,0.6666666666666667,3
LMO7,Group III (Effector only),None_hCTZ,380.0,1.6666666666666667,0.6666666666666667,3
LMO7,Group III (Effector only),None_hCTZ,385.0,1.6666666666666667,0.6666666666666667,3
LMO7,Group III (Effector only),None_hCTZ,390.0,1.6666666666666667,0.6666666666666667,3
LMO7,Group III (Effector only),None_hCTZ,395.0,1.6666666666666667,0.6666666666666667,3
LMO7,Group III (Effector only),None_hCTZ,400.0,1.0,0.0,3
LMO7,Group III (Effector only),None_hCTZ,405.0,1.0,0.0,3
LMO7,Group III (Effector only),None_hCTZ,410.0,1.0,0.0,2
LMO7,Group III (Effector only),None_hCTZ,415.0,1.0,0.0,2
LMO7,Group III (Effector only),None_hCTZ,420.0,1.0,0.0,2
LMO7,Group III (Effector only),None_hCTZ,425.0,1.0,0.0,1
PSAM,Group I (Activation),PSAM_uPSEM,10.0,1.375,0.26305214040457564,8
PSAM,Group I (Activation),PSAM_uPSEM,15.0,4.636363636363637,0.6643209420525494,11
PSAM,Group I (Activation),PSAM_uPSEM,20.0,6.75,0.7190587281616534,12
PSAM,Group I (Activation),PSAM_uPSEM,25.0,7.333333333333333,0.8468599159080072,12
PSAM,Group I (Activation),PSAM_uPSEM,30.0,7.583333333333333,0.8020648856595587,12
PSAM,Group I (Activation),PSAM_uPSEM,35.0,7.666666666666667,0.8904657730251585,12
PSAM,Group I (Activation),PSAM_uPSEM,40.0,7.833333333333333,0.927960727138337,12
PSAM,Group I (Activation),PSAM_uPSEM,45.0,8.0,0.9613752775282004,12
PSAM,Group I (Activation),PSAM_uPSEM,50.0,8.166666666666666,1.064818474594794,12
PSAM,Group I (Activation),PSAM_uPSEM,55.0,8.166666666666666,1.0137937550497031,12
PSAM,Group I (Activation),PSAM_uPSEM,60.0,7.75,1.0009465217452624,12
PSAM,Group I (Activation),PSAM_uPSEM,65.0,7.75,1.0597669841083277,12
PSAM,Group I (Activation),PSAM_uPSEM,70.0,8.25,1.6196005867515795,12
PSAM,Group I (Activation),PSAM_uPSEM,75.0,7.083333333333333,0.8656608382436431,12
PSAM,Group I (Activation),PSAM_uPSEM,80.0,6.75,0.9623597890790968,12
PSAM,Group I (Activation),PSAM_uPSEM,85.0,6.666666666666667,0.915633026044735,12
PSAM,Group I (Activation),PSAM_uPSEM,90.0,6.25,0.7797143999276566,12
PSAM,Group I (Activation),PSAM_uPSEM,95.0,6.083333333333333,0.8114552334907922,12
PSAM,Group I (Activation),PSAM_uPSEM,100.0,6.083333333333333,0.8114552334907922,12
PSAM,Group I (Activation),PSAM_uPSEM,105.0,5.75,0.7295183134760702,12
PSAM,Group I (Activation),PSAM_uPSEM,110.0,5.416666666666667,0.6680856111595158,12
PSAM,Group I (Activation),PSAM_uPSEM,115.0,5.166666666666667,0.5751591786697668,12
PSAM,Group I (Activation),PSAM_uPSEM,120.0,5.0,0.5504818825631803,12
PSAM,Group I (Activation),PSAM_uPSEM,125.0,4.833333333333333,0.4740753893079399,12
PSAM,Group I (Activation),PSAM_uPSEM,130.0,4.666666666666667,0.4494665749754947,12
PSAM,Group I (Activation),PSAM_uPSEM,135.0,5.166666666666667,0.8947094782693713,12
PSAM,Group I (Activation),PSAM_uPSEM,140.0,4.25,0.47871355387816905,12
PSAM,Group I (Activation),PSAM_uPSEM,145.0,4.416666666666667,0.5288399731220373,12
PSAM,Group I (Activation),PSAM_uPSEM,150.0,4.166666666666667,0.4051436956703314,12
PSAM,Group I (Activation),PSAM_uPSEM,155.0,4.333333333333333,0.5270462766947298,12
PSAM,Group I (Activation),PSAM_uPSEM,160.0,4.0,0.408248290463863,12
PSAM,Group I (Activation),PSAM_uPSEM,165.0,3.8333333333333335,0.38599209705627263,12
PSAM,Group I (Activation),PSAM_uPSEM,170.0,4.0,0.4438126822992972,12
PSAM,Group I (Activation),PSAM_uPSEM,175.0,4.0,0.6628679652796169,12
PSAM,Group I (Activation),PSAM_uPSEM,180.0,3.6666666666666665,0.5270462766947298,12
PSAM,Group I (Activation),PSAM_uPSEM,185.0,3.8333333333333335,0.7470480627649121,12
PSAM,Group I (Activation),PSAM_uPSEM,190.0,3.3636363636363638,0.3878314365036644,11
PSAM,Group I (Activation),PSAM_uPSEM,195.0,3.0,0.3813850356982369,11
PSAM,Group I (Activation),PSAM_uPSEM,200.0,2.8181818181818183,0.35208939510976517,11
PSAM,Group I (Activation),PSAM_uPSEM,205.0,2.5454545454545454,0.3899565561732221,11
PSAM,Group I (Activation),PSAM_uPSEM,210.0,2.4545454545454546,0.3899565561732221,11
PSAM,Group I (Activation),PSAM_uPSEM,215.0,3.0,0.6324555320336759,11
PSAM,Group I (Activation),PSAM_uPSEM,220.0,2.5,0.3415650255319866,10
PSAM,Group I (Activation),PSAM_uPSEM,225.0,2.0,0.2981423969999719,10
PSAM,Group I (Activation),PSAM_uPSEM,230.0,2.0,0.2981423969999719,10
PSAM,Group I (Activation),PSAM_uPSEM,235.0,1.8,0.3265986323710904,10
PSAM,Group I (Activation),PSAM_uPSEM,240.0,1.7,0.2603416558635551,10
PSAM,Group I (Activation),PSAM_uPSEM,245.0,1.5555555555555556,0.2939723678960656,9
PSAM,Group I (Activation),PSAM_uPSEM,250.0,1.5714285714285714,0.29738085706659034,7
PSAM,Group I (Activation),PSAM_uPSEM,255.0,1.4285714285714286,0.20203050891044216,7
PSAM,Group I (Activation),PSAM_uPSEM,260.0,2.1666666666666665,0.7923242882669808,6
PSAM,Group I (Activation),PSAM_uPSEM,265.0,1.2,0.2,5
PSAM,Group I (Activation),PSAM_uPSEM,270.0,1.6,0.4,5
PSAM,Group I (Activation),PSAM_uPSEM,275.0,1.0,0.0,4
PSAM,Group I (Activation),PSAM_uPSEM,280.0,1.0,0.0,3
PSAM,Group I (Activation),PSAM_uPSEM,285.0,1.0,0.0,3
PSAM,Group I (Activation),PSAM_uPSEM,290.0,1.0,0.0,3
PSAM,Group I (Activation),PSAM_uPSEM,295.0,1.0,0.0,2
PSAM,Group I (Activation),PSAM_uPSEM,300.0,1.0,0.0,2
PSAM,Group I (Activation),PSAM_uPSEM,305.0,1.0,0.0,2
PSAM,Group I (Activation),PSAM_uPSEM,310.0,1.0,0.0,1
PSAM,Group I (Activation),PSAM_uPSEM,315.0,1.0,0.0,1
PSAM,Group I (Activation),PSAM_uPSEM,320.0,1.0,0.0,1
PSAM,Group I (Activation),PSAM_uPSEM,325.0,1.0,0.0,1
PSAM,Group I (Activation),PSAM_uPSEM,330.0,1.0,0.0,1
PSAM,Group I (Activation),PSAM_uPSEM,335.0,1.0,0.0,1
PSAM,Group I (Activation),PSAM_uPSEM,340.0,1.0,0.0,1
PSAM,Group I (Activation),PSAM_uPSEM,345.0,1.0,0.0,1
PSAM,Group I (Activation),PSAM_uPSEM,350.0,1.0,0.0,1
PSAM,Group I (Activation),PSAM_uPSEM,355.0,1.0,0.0,1
PSAM,Group I (Activation),PSAM_uPSEM,360.0,1.0,0.0,1
PSAM,Group I (Activation),PSAM_uPSEM,365.0,1.0,0.0,1
PSAM,Group I (Activation),PSAM_uPSEM,370.0,1.0,0.0,1
PSAM,Group I (Activation),PSAM_uPSEM,375.0,1.0,0.0,1
PSAM,Group I (Activation),PSAM_uPSEM,380.0,1.0,0.0,1
PSAM,Group II (Expression only),PSAM_Vehicle,10.0,1.6666666666666667,0.3333333333333333,3
PSAM,Group II (Expression only),PSAM_Vehicle,15.0,3.4285714285714284,0.36885555678165877,7
PSAM,Group II (Expression only),PSAM_Vehicle,20.0,5.4,0.7916228058025279,10
PSAM,Group II (Expression only),PSAM_Vehicle,25.0,6.3,0.9195409482755815,10
PSAM,Group II (Expression only),PSAM_Vehicle,30.0,6.7,0.8698658900466593,10
PSAM,Group II (Expression only),PSAM_Vehicle,35.0,7.1,0.9938701010583716,10
PSAM,Group II (Expression only),PSAM_Vehicle,40.0,7.4,0.9797958971132713,10
PSAM,Group II (Expression only),PSAM_Vehicle,45.0,7.5,1.0246950765959597,10
PSAM,Group II (Expression only),PSAM_Vehicle,50.0,7.6,1.024152766382481,10
PSAM,Group II (Expression only),PSAM_Vehicle,55.0,7.5,0.9457507306074072,10
PSAM,Group II (Expression only),PSAM_Vehicle,60.0,7.4,0.9451631252505217,10
PSAM,Group II (Expression only),PSAM_Vehicle,65.0,7.2,0.8406346808612327,10
PSAM,Group II (Expression only),PSAM_Vehicle,70.0,7.1,0.7951240294584375,10
PSAM,Group II (Expression only),PSAM_Vehicle,75.0,6.9,0.7371114795831993,10
PSAM,Group II (Expression only),PSAM_Vehicle,80.0,7.0,0.7302967433402214,10
PSAM,Group II (Expression only),PSAM_Vehicle,85.0,7.3,0.856997342145496,10
PSAM,Group II (Expression only),PSAM_Vehicle,90.0,6.5,0.5821416398857661,10
PSAM,Group II (Expression only),PSAM_Vehicle,95.0,6.1,0.5666666666666665,10
PSAM,Group II (Expression only),PSAM_Vehicle,100.0,6.0,0.6146362971528592,10
PSAM,Group II (Expression only),PSAM_Vehicle,105.0,5.8,0.5925462944877059,10
PSAM,Group II (Expression only),PSAM_Vehicle,110.0,5.7,0.5587684871413404,10
PSAM,Group II (Expression only),PSAM_Vehicle,115.0,5.5,0.4772607021092118,10
PSAM,Group II (Expression only),PSAM_Vehicle,120.0,5.4,0.47609522856952335,10
PSAM,Group II (Expression only),PSAM_Vehicle,125.0,5.2,0.48989794855663565,10
PSAM,Group II (Expression only),PSAM_Vehicle,130.0,5.2,0.5734883511361751,10
PSAM,Group II (Expression only),PSAM_Vehicle,135.0,5.2,0.5333333333333333,10
PSAM,Group II (Expression only),PSAM_Vehicle,140.0,4.7,0.5174724898753341,10
PSAM,Group II (Expression only),PSAM_Vehicle,145.0,4.7,0.5174724898753341,10
PSAM,Group II (Expression only),PSAM_Vehicle,150.0,4.6,0.5206833117271102,10
PSAM,Group II (Expression only),PSAM_Vehicle,155.0,4.5,0.6009252125773317,10
PSAM,Group II (Expression only),PSAM_Vehicle,160.0,4.5,0.5821416398857661,10
PSAM,Group II (Expression only),PSAM_Vehicle,165.0,4.777777777777778,0.49378857873975496,9
PSAM,Group II (Expression only),PSAM_Vehicle,170.0,4.666666666666667,0.40824829046386296,9
PSAM,Group II (Expression only),PSAM_Vehicle,175.0,4.333333333333333,0.4714045207910317,9
PSAM,Group II (Expression only),PSAM_Vehicle,180.0,4.444444444444445,0.4444444444444444,9
PSAM,Group II (Expression only),PSAM_Vehicle,185.0,4.0,0.408248290463863,9
PSAM,Group II (Expression only),PSAM_Vehicle,190.0,4.0,0.408248290463863,9
PSAM,Group II (Expression only),PSAM_Vehicle,195.0,4.0,0.44095855184409843,9
PSAM,Group II (Expression only),PSAM_Vehicle,200.0,3.888888888888889,0.48432210483785265,9
PSAM,Group II (Expression only),PSAM_Vehicle,205.0,3.7777777777777777,0.4339027597725919,9
PSAM,Group II (Expression only),PSAM_Vehicle,210.0,3.7777777777777777,0.4339027597725919,9
PSAM,Group II (Expression only),PSAM_Vehicle,215.0,3.3333333333333335,0.408248290463863,9
PSAM,Group II (Expression only),PSAM_Vehicle,220.0,3.111111111111111,0.3888888888888889,9
PSAM,Group II (Expression only),PSAM_Vehicle,225.0,2.6666666666666665,0.4714045207910317,9
PSAM,Group II (Expression only),PSAM_Vehicle,230.0,2.5555555555555554,0.5030769521187454,9
PSAM,Group II (Expression only),PSAM_Vehicle,235.0,2.5555555555555554,0.5030769521187454,9
PSAM,Group II (Expression only),PSAM_Vehicle,240.0,2.625,0.46049274850812955,8
PSAM,Group II (Expression only),PSAM_Vehicle,245.0,2.5,0.46291004988627577,8
PSAM,Group II (Expression only),PSAM_Vehicle,250.0,2.5,0.46291004988627577,8
PSAM,Group II (Expression only),PSAM_Vehicle,255.0,2.5,0.46291004988627577,8
PSAM,Group II (Expression only),PSAM_Vehicle,260.0,2.375,0.41992771486803027,8
PSAM,Group II (Expression only),PSAM_Vehicle,265.0,2.125,0.479490056503484,8
PSAM,Group II (Expression only),PSAM_Vehicle,270.0,2.125,0.479490056503484,8
PSAM,Group II (Expression only),PSAM_Vehicle,275.0,2.2857142857142856,0.521640530957301,7
PSAM,Group II (Expression only),PSAM_Vehicle,280.0,2.2857142857142856,0.521640530957301,7
PSAM,Group II (Expression only),PSAM_Vehicle,285.0,2.142857142857143,0.5084322977157767,7
PSAM,Group II (Expression only),PSAM_Vehicle,290.0,2.3333333333333335,0.557773351022717,6
PSAM,Group II (Expression only),PSAM_Vehicle,295.0,2.1666666666666665,0.4772607021092118,6
PSAM,Group II (Expression only),PSAM_Vehicle,300.0,2.0,0.3651483716701107,6
PSAM,Group II (Expression only),PSAM_Vehicle,305.0,2.0,0.408248290463863,4
PSAM,Group II (Expression only),PSAM_Vehicle,310.0,2.0,0.408248290463863,4
PSAM,Group II (Expression only),PSAM_Vehicle,315.0,2.0,0.408248290463863,4
PSAM,Group II (Expression only),PSAM_Vehicle,320.0,2.0,0.408248290463863,4
PSAM,Group II (Expression only),PSAM_Vehicle,325.0,2.0,0.408248290463863,4
PSAM,Group II (Expression only),PSAM_Vehicle,330.0,2.0,0.408248290463863,4
PSAM,Group II (Expression only),PSAM_Vehicle,335.0,2.0,0.408248290463863,4
PSAM,Group II (Expression only),PSAM_Vehicle,340.0,2.0,0.408248290463863,4
PSAM,Group II (Expression only),PSAM_Vehicle,345.0,2.0,0.408248290463863,4
PSAM,Group II (Expression only),PSAM_Vehicle,350.0,1.75,0.25,4
PSAM,Group II (Expression only),PSAM_Vehicle,355.0,1.5,0.28867513459481287,4
PSAM,Group II (Expression only),PSAM_Vehicle,360.0,1.25,0.25,4
PSAM,Group II (Expression only),PSAM_Vehicle,365.0,1.3333333333333333,0.3333333333333333,3
PSAM,Group II (Expression only),PSAM_Vehicle,370.0,1.3333333333333333,0.3333333333333333,3
PSAM,Group II (Expression only),PSAM_Vehicle,375.0,1.6666666666666667,0.6666666666666667,3
PSAM,Group II (Expression only),PSAM_Vehicle,380.0,1.0,0.0,1
PSAM,Group II (Expression only),PSAM_Vehicle,385.0,1.0,0.0,1
PSAM,Group II (Expression only),PSAM_Vehicle,390.0,1.0,0.0,1
PSAM,Group II (Expression only),PSAM_Vehicle,395.0,1.0,0.0,1
PSAM,Group III (Effector only),None_uPSEM,5.0,0.0,0.0,9
PSAM,Group III (Effector only),None_uPSEM,10.0,3.6666666666666665,0.816496580927726,9
PSAM,Group III (Effector only),None_uPSEM,15.0,6.222222222222222,1.1027462911821784,9
PSAM,Group III (Effector only),None_uPSEM,20.0,7.333333333333333,0.9428090415820634,9
PSAM,Group III (Effector only),None_uPSEM,25.0,8.444444444444445,1.0943175335329005,9
PSAM,Group III (Effector only),None_uPSEM,30.0,10.333333333333334,1.481365736219265,9
PSAM,Group III (Effector only),None_uPSEM,35.0,10.88888888888889,1.408746925900663,9
PSAM,Group III (Effector only),None_uPSEM,40.0,10.666666666666666,1.35400640077266,9
PSAM,Group III (Effector only),None_uPSEM,45.0,11.555555555555555,1.42508392648674,9
PSAM,Group III (Effector only),None_uPSEM,50.0,10.666666666666666,1.2692955176439846,9
PSAM,Group III (Effector only),None_uPSEM,55.0,10.666666666666666,1.0137937550497034,9
PSAM,Group III (Effector only),None_uPSEM,60.0,10.88888888888889,1.0333930687632373,9
PSAM,Group III (Effector only),None_uPSEM,65.0,11.222222222222221,1.2335335172874733,9
PSAM,Group III (Effector only),None_uPSEM,70.0,10.88888888888889,1.147998795542879,9
PSAM,Group III (Effector only),None_uPSEM,75.0,10.666666666666666,1.1055415967851332,9
PSAM,Group III (Effector only),None_uPSEM,80.0,10.333333333333334,1.247219128924647,9
PSAM,Group III (Effector only),None_uPSEM,85.0,9.777777777777779,1.3922182317935186,9
PSAM,Group III (Effector only),None_uPSEM,90.0,9.333333333333334,1.6158932858054431,9
PSAM,Group III (Effector only),None_uPSEM,95.0,9.11111111111111,1.7033010796395436,9
PSAM,Group III (Effector only),None_uPSEM,100.0,7.777777777777778,1.6139821162593277,9
PSAM,Group III (Effector only),None_uPSEM,105.0,7.444444444444445,1.3754909336822165,9
PSAM,Group III (Effector only),None_uPSEM,110.0,7.222222222222222,1.4120294474598705,9
PSAM,Group III (Effector only),None_uPSEM,115.0,6.555555555555555,1.2595315609727373,9
PSAM,Group III (Effector only),None_uPSEM,120.0,6.666666666666667,1.6666666666666667,9
PSAM,Group III (Effector only),None_uPSEM,125.0,6.333333333333333,1.8782379449307742,9
PSAM,Group III (Effector only),None_uPSEM,130.0,5.666666666666667,1.35400640077266,9
PSAM,Group III (Effector only),None_uPSEM,135.0,5.777777777777778,1.3414107186277373,9
PSAM,Group III (Effector only),None_uPSEM,140.0,5.666666666666667,1.4624940645653537,9
PSAM,Group III (Effector only),None_uPSEM,145.0,4.888888888888889,1.2297746456210363,9
PSAM,Group III (Effector only),None_uPSEM,150.0,4.222222222222222,1.1027462911821782,9
PSAM,Group III (Effector only),None_uPSEM,155.0,4.0,1.1426091000668406,9
PSAM,Group III (Effector only),None_uPSEM,160.0,3.7777777777777777,1.2335335172874733,9
PSAM,Group III (Effector only),None_uPSEM,165.0,3.6666666666666665,1.4337208778404378,9
PSAM,Group III (Effector only),None_uPSEM,170.0,4.333333333333333,1.7256238807393047,6
PSAM,Group III (Effector only),None_uPSEM,175.0,4.333333333333333,1.7256238807393047,6
PSAM,Group III (Effector only),None_uPSEM,180.0,4.166666666666667,1.701306687356646,6
PSAM,Group III (Effector only),None_uPSEM,185.0,4.6,2.2045407685048604,5
PSAM,Group III (Effector only),None_uPSEM,190.0,4.5,2.533114025595111,4
PSAM,Group III (Effector only),None_uPSEM,195.0,3.25,1.6007810593582121,4
PSAM,Group III (Effector only),None_uPSEM,200.0,3.25,1.6007810593582121,4
PSAM,Group III (Effector only),None_uPSEM,205.0,3.25,1.9311050377094114,4
PSAM,Group III (Effector only),None_uPSEM,210.0,2.75,1.75,4
PSAM,Group III (Effector only),None_uPSEM,215.0,2.75,1.75,4
PSAM,Group III (Effector only),None_uPSEM,220.0,2.75,1.75,4
PSAM,Group III (Effector only),None_uPSEM,225.0,3.3333333333333335,2.333333333333333,3
PSAM,Group III (Effector only),None_uPSEM,230.0,3.6666666666666665,2.666666666666667,3
PSAM,Group III (Effector only),None_uPSEM,235.0,3.3333333333333335,2.333333333333333,3
PSAM,Group III (Effector only),None_uPSEM,240.0,4.0,3.0,2
PSAM,Group III (Effector only),None_uPSEM,245.0,3.5,2.5,2
PSAM,Group III (Effector only),None_uPSEM,250.0,3.0,2.0,2
PSAM,Group III (Effector only),None_uPSEM,255.0,5.0,0.0,1
PSAM,Group III (Effector only),None_uPSEM,260.0,5.0,0.0,1
PSAM,Group III (Effector only),None_uPSEM,265.0,5.0,0.0,1
PSAM,Group III (Effector only),None_uPSEM,270.0,7.0,0.0,1
PSAM,Group III (Effector only),None_uPSEM,275.0,8.0,0.0,1
PSAM,Group III (Effector only),None_uPSEM,280.0,5.0,0.0,1
PSAM,Group III (Effector only),None_uPSEM,285.0,6.0,0.0,1
PSAM,Group III (Effector only),None_uPSEM,290.0,4.0,0.0,1
PSAM,Group III (Effector only),None_uPSEM,295.0,4.0,0.0,1
PSAM,Group III (Effector only),None_uPSEM,300.0,4.0,0.0,1
PSAM,Group III (Effector only),None_uPSEM,305.0,2.0,0.0,1
PSAM,Group III (Effector only),None_uPSEM,310.0,2.0,0.0,1
PSAM,Group III (Effector only),None_uPSEM,315.0,2.0,0.0,1
PSAM,Group III (Effector only),None_uPSEM,320.0,2.0,0.0,1
PSAM,Group III (Effector only),None_uPSEM,325.0,1.0,0.0,1
PSAM,Group III (Effector only),None_uPSEM,330.0,1.0,0.0,1
