technology,analysis_group,condition,radius_um,total_cells,n_cells_observed,n_cells_zero,pct_cells_observed,pct_zero_of_observed,mean_intersections,sem_intersections,majority_observed,majority_zero_observed
DREADD,Group I (Activation),DREADD_CNO,10.0,12,6,0,0.5,0.0,2.1666666666666665,0.16666666666666666,True,False
DREADD,Group I (Activation),DREADD_CNO,15.0,12,12,0,1.0,0.0,3.25,0.4286165199944132,True,False
DREADD,Group I (Activation),DREADD_CNO,20.0,12,12,0,1.0,0.0,5.083333333333333,0.37856053783784804,True,False
DREADD,Group I (Activation),DREADD_CNO,25.0,12,12,0,1.0,0.0,6.0,0.4438126822992973,True,False
DREADD,Group I (Activation),DREADD_CNO,30.0,12,12,0,1.0,0.0,6.333333333333333,0.4494665749754947,True,False
DREADD,Group I (Activation),DREADD_CNO,35.0,12,12,0,1.0,0.0,6.5,0.5,True,False
DREADD,Group I (Activation),DREADD_CNO,40.0,12,12,0,1.0,0.0,6.5,0.4522670168666455,True,False
DREADD,Group I (Activation),DREADD_CNO,45.0,12,12,0,1.0,0.0,6.666666666666667,0.49746833816309105,True,False
DREADD,Group I (Activation),DREADD_CNO,50.0,12,12,0,1.0,0.0,7.166666666666667,0.5618332187193684,True,False
DREADD,Group I (Activation),DREADD_CNO,55.0,12,12,0,1.0,0.0,7.666666666666667,0.6779350703393059,True,False
DREADD,Group I (Activation),DREADD_CNO,60.0,12,12,0,1.0,0.0,7.833333333333333,0.6834996102206037,True,False
DREADD,Group I (Activation),DREADD_CNO,65.0,12,12,0,1.0,0.0,7.833333333333333,0.7159792333764037,True,False
DREADD,Group I (Activation),DREADD_CNO,70.0,12,12,0,1.0,0.0,7.833333333333333,0.6609604276117345,True,False
DREADD,Group I (Activation),DREADD_CNO,75.0,12,12,0,1.0,0.0,8.0,0.6628679652796169,True,False
DREADD,Group I (Activation),DREADD_CNO,80.0,12,12,0,1.0,0.0,8.25,0.6291528696058958,True,False
DREADD,Group I (Activation),DREADD_CNO,85.0,12,12,0,1.0,0.0,8.0,0.5075192189225523,True,False
DREADD,Group I (Activation),DREADD_CNO,90.0,12,12,0,1.0,0.0,7.916666666666667,0.4166666666666667,True,False
DREADD,Group I (Activation),DREADD_CNO,95.0,12,12,0,1.0,0.0,8.083333333333334,0.4515685345704917,True,False
DREADD,Group I (Activation),DREADD_CNO,100.0,12,12,0,1.0,0.0,8.0,0.408248290463863,True,False
DREADD,Group I (Activation),DREADD_CNO,105.0,12,12,0,1.0,0.0,8.166666666666666,0.47407538930793985,True,False
DREADD,Group I (Activation),DREADD_CNO,110.0,12,12,0,1.0,0.0,7.833333333333333,0.5881833013267174,True,False
DREADD,Group I (Activation),DREADD_CNO,115.0,12,12,0,1.0,0.0,7.916666666666667,0.5429762723390704,True,False
DREADD,Group I (Activation),DREADD_CNO,120.0,12,12,0,1.0,0.0,8.25,0.6291528696058958,True,False
DREADD,Group I (Activation),DREADD_CNO,125.0,12,12,0,1.0,0.0,8.333333333333334,0.5945883900105632,True,False
DREADD,Group I (Activation),DREADD_CNO,130.0,12,12,0,1.0,0.0,8.25,0.7893706737687057,True,False
DREADD,Group I (Activation),DREADD_CNO,135.0,12,12,0,1.0,0.0,8.0,0.7587869106393281,True,False
DREADD,Group I (Activation),DREADD_CNO,140.0,12,12,0,1.0,0.0,7.75,0.7084447327730932,True,False
DREADD,Group I (Activation),DREADD_CNO,145.0,12,12,0,1.0,0.0,7.75,0.7797143999276566,True,False
DREADD,Group I (Activation),DREADD_CNO,150.0,12,12,0,1.0,0.0,7.583333333333333,0.7925632881080007,True,False
DREADD,Group I (Activation),DREADD_CNO,155.0,12,12,0,1.0,0.0,7.666666666666667,0.8557588634207841,True,False
DREADD,Group I (Activation),DREADD_CNO,160.0,12,12,0,1.0,0.0,7.166666666666667,0.8947094782693713,True,False
DREADD,Group I (Activation),DREADD_CNO,165.0,12,12,0,1.0,0.0,7.416666666666667,1.1707180736969973,True,False
DREADD,Group I (Activation),DREADD_CNO,170.0,12,12,0,1.0,0.0,6.833333333333333,0.9679197729505721,True,False
DREADD,Group I (Activation),DREADD_CNO,175.0,12,12,0,1.0,0.0,6.416666666666667,0.9330491991748388,True,False
DREADD,Group I (Activation),DREADD_CNO,180.0,12,12,0,1.0,0.0,5.583333333333333,0.9248942063443218,True,False
DREADD,Group I (Activation),DREADD_CNO,185.0,12,11,0,0.9166666666666666,0.0,5.454545454545454,0.856670471955618,True,False
DREADD,Group I (Activation),DREADD_CNO,190.0,12,11,0,0.9166666666666666,0.0,5.2727272727272725,0.8537714095908289,True,False
DREADD,Group I (Activation),DREADD_CNO,195.0,12,11,0,0.9166666666666666,0.0,5.181818181818182,0.8925772879006237,True,False
DREADD,Group I (Activation),DREADD_CNO,200.0,12,11,0,0.9166666666666666,0.0,5.0,0.8633970960424556,True,False
DREADD,Group I (Activation),DREADD_CNO,205.0,12,11,0,0.9166666666666666,0.0,4.545454545454546,0.8776377008107032,True,False
DREADD,Group I (Activation),DREADD_CNO,210.0,12,11,0,0.9166666666666666,0.0,4.2727272727272725,0.8322030902796951,True,False
DREADD,Group I (Activation),DREADD_CNO,215.0,12,11,0,0.9166666666666666,0.0,3.909090909090909,0.7441229792611318,True,False
DREADD,Group I (Activation),DREADD_CNO,220.0,12,11,0,0.9166666666666666,0.0,3.727272727272727,0.8430562268632458,True,False
DREADD,Group I (Activation),DREADD_CNO,225.0,12,11,0,0.9166666666666666,0.0,3.5454545454545454,0.9181368125783707,True,False
DREADD,Group I (Activation),DREADD_CNO,230.0,12,10,0,0.8333333333333334,0.0,3.5,0.8333333333333334,True,False
DREADD,Group I (Activation),DREADD_CNO,235.0,12,10,0,0.8333333333333334,0.0,3.3,0.8306623862918076,True,False
DREADD,Group I (Activation),DREADD_CNO,240.0,12,9,0,0.75,0.0,3.7777777777777777,0.9395296958493202,True,False
DREADD,Group I (Activation),DREADD_CNO,245.0,12,9,0,0.75,0.0,2.3333333333333335,0.5270462766947299,True,False
DREADD,Group I (Activation),DREADD_CNO,250.0,12,8,0,0.6666666666666666,0.0,1.75,0.36596252735569995,True,False
DREADD,Group I (Activation),DREADD_CNO,255.0,12,8,0,0.6666666666666666,0.0,1.625,0.26305214040457564,True,False
DREADD,Group I (Activation),DREADD_CNO,260.0,12,8,0,0.6666666666666666,0.0,1.5,0.2672612419124244,True,False
DREADD,Group I (Activation),DREADD_CNO,265.0,12,8,0,0.6666666666666666,0.0,1.375,0.26305214040457564,True,False
DREADD,Group I (Activation),DREADD_CNO,270.0,12,6,0,0.5,0.0,1.1666666666666667,0.16666666666666669,True,False
DREADD,Group I (Activation),DREADD_CNO,275.0,12,4,0,0.3333333333333333,0.0,1.25,0.25,False,False
DREADD,Group I (Activation),DREADD_CNO,280.0,12,4,0,0.3333333333333333,0.0,1.0,0.0,False,False
DREADD,Group I (Activation),DREADD_CNO,285.0,12,3,0,0.25,0.0,1.0,0.0,False,False
DREADD,Group I (Activation),DREADD_CNO,290.0,12,2,0,0.16666666666666666,0.0,1.0,0.0,False,False
DREADD,Group I (Activation),DREADD_CNO,295.0,12,2,0,0.16666666666666666,0.0,1.0,0.0,False,False
DREADD,Group I (Activation),DREADD_CNO,300.0,12,1,0,0.08333333333333333,0.0,1.0,0.0,False,False
DREADD,Group II (Expression only),DREADD_Vehicle,10.0,12,3,0,0.25,0.0,1.3333333333333333,0.3333333333333333,False,False
DREADD,Group II (Expression only),DREADD_Vehicle,15.0,12,8,0,0.6666666666666666,0.0,3.25,0.7258000511750562,True,False
DREADD,Group II (Expression only),DREADD_Vehicle,20.0,12,9,0,0.75,0.0,4.333333333333333,0.5773502691896257,True,False
DREADD,Group II (Expression only),DREADD_Vehicle,25.0,12,9,0,0.75,0.0,5.222222222222222,0.493788578739755,True,False
DREADD,Group II (Expression only),DREADD_Vehicle,30.0,12,9,0,0.75,0.0,5.777777777777778,0.5211573066470476,True,False
DREADD,Group II (Expression only),DREADD_Vehicle,35.0,12,9,0,0.75,0.0,6.222222222222222,0.6186404847588913,True,False
DREADD,Group II (Expression only),DREADD_Vehicle,40.0,12,9,0,0.75,0.0,6.333333333333333,0.6454972243679028,True,False
DREADD,Group II (Expression only),DREADD_Vehicle,45.0,12,9,0,0.75,0.0,6.555555555555555,0.6478835438717001,True,False
DREADD,Group II (Expression only),DREADD_Vehicle,50.0,12,9,0,0.75,0.0,6.666666666666667,0.6009252125773316,True,False
DREADD,Group II (Expression only),DREADD_Vehicle,55.0,12,9,0,0.75,0.0,7.0,0.6236095644623235,True,False
DREADD,Group II (Expression only),DREADD_Vehicle,60.0,12,9,0,0.75,0.0,6.777777777777778,0.6406979219261554,True,False
DREADD,Group II (Expression only),DREADD_Vehicle,65.0,12,9,0,0.75,0.0,6.888888888888889,0.6549903401417554,True,False
DREADD,Group II (Expression only),DREADD_Vehicle,70.0,12,9,0,0.75,0.0,6.777777777777778,0.6186404847588913,True,False
DREADD,Group II (Expression only),DREADD_Vehicle,75.0,12,9,0,0.75,0.0,7.111111111111111,0.7535922203472522,True,False
DREADD,Group II (Expression only),DREADD_Vehicle,80.0,12,9,0,0.75,0.0,7.444444444444445,0.8678055195451837,True,False
DREADD,Group II (Expression only),DREADD_Vehicle,85.0,12,9,0,0.75,0.0,7.444444444444445,0.8678055195451837,True,False
DREADD,Group II (Expression only),DREADD_Vehicle,90.0,12,9,0,0.75,0.0,7.777777777777778,0.829621362392671,True,False
DREADD,Group II (Expression only),DREADD_Vehicle,95.0,12,9,0,0.75,0.0,8.333333333333334,0.8660254037844387,True,False
DREADD,Group II (Expression only),DREADD_Vehicle,100.0,12,9,0,0.75,0.0,8.666666666666666,0.8975274678557505,True,False
DREADD,Group II (Expression only),DREADD_Vehicle,105.0,12,9,0,0.75,0.0,8.555555555555555,0.8992452253465913,True,False
DREADD,Group II (Expression only),DREADD_Vehicle,110.0,12,9,0,0.75,0.0,8.777777777777779,0.7597107961765189,True,False
DREADD,Group II (Expression only),DREADD_Vehicle,115.0,12,9,0,0.75,0.0,8.555555555555555,0.7657804862272345,True,False
DREADD,Group II (Expression only),DREADD_Vehicle,120.0,12,9,0,0.75,0.0,8.555555555555555,0.5299662230094142,True,False
DREADD,Group II (Expression only),DREADD_Vehicle,125.0,12,9,0,0.75,0.0,8.11111111111111,0.4547418206595806,True,False
DREADD,Group II (Expression only),DREADD_Vehicle,130.0,12,9,0,0.75,0.0,8.333333333333334,0.47140452079103173,True,False
DREADD,Group II (Expression only),DREADD_Vehicle,135.0,12,9,0,0.75,0.0,7.888888888888889,0.5879447357921312,True,False
DREADD,Group II (Expression only),DREADD_Vehicle,140.0,12,9,0,0.75,0.0,7.888888888888889,0.6758625033664688,True,False
DREADD,Group II (Expression only),DREADD_Vehicle,145.0,12,9,0,0.75,0.0,8.666666666666666,0.7993052538854533,True,False
DREADD,Group II (Expression only),DREADD_Vehicle,150.0,12,9,0,0.75,0.0,8.222222222222221,0.6406979219261554,True,False
DREADD,Group II (Expression only),DREADD_Vehicle,155.0,12,9,0,0.75,0.0,8.11111111111111,0.5879447357921312,True,False
DREADD,Group II (Expression only),DREADD_Vehicle,160.0,12,9,0,0.75,0.0,8.222222222222221,0.6186404847588913,True,False
DREADD,Group II (Expression only),DREADD_Vehicle,165.0,12,9,0,0.75,0.0,8.333333333333334,0.5773502691896257,True,False
DREADD,Group II (Expression only),DREADD_Vehicle,170.0,12,9,0,0.75,0.0,8.11111111111111,0.6111111111111112,True,False
DREADD,Group II (Expression only),DREADD_Vehicle,175.0,12,9,0,0.75,0.0,7.888888888888889,0.6758625033664688,True,False
DREADD,Group II (Expression only),DREADD_Vehicle,180.0,12,9,0,0.75,0.0,7.555555555555555,0.7474235581707617,True,False
DREADD,Group II (Expression only),DREADD_Vehicle,185.0,12,9,0,0.75,0.0,7.222222222222222,0.6620208493229437,True,False
DREADD,Group II (Expression only),DREADD_Vehicle,190.0,12,9,0,0.75,0.0,7.0,0.6871842709362768,True,False
DREADD,Group II (Expression only),DREADD_Vehicle,195.0,12,9,0,0.75,0.0,6.555555555555555,0.7837075544258825,True,False
DREADD,Group II (Expression only),DREADD_Vehicle,200.0,12,9,0,0.75,0.0,6.555555555555555,0.7837075544258825,True,False
DREADD,Group II (Expression only),DREADD_Vehicle,205.0,12,9,0,0.75,0.0,6.0,0.8975274678557507,True,False
DREADD,Group II (Expression only),DREADD_Vehicle,210.0,12,9,0,0.75,0.0,6.111111111111111,0.9638528651609707,True,False
DREADD,Group II (Expression only),DREADD_Vehicle,215.0,12,9,0,0.75,0.0,5.555555555555555,0.9734119704408463,True,False
DREADD,Group II (Expression only),DREADD_Vehicle,220.0,12,8,0,0.6666666666666666,0.0,6.625,1.5576711096102045,True,False
DREADD,Group II (Expression only),DREADD_Vehicle,225.0,12,8,0,0.6666666666666666,0.0,4.375,0.9050947069624419,True,False
DREADD,Group II (Expression only),DREADD_Vehicle,230.0,12,8,0,0.6666666666666666,0.0,4.125,0.811469126250126,True,False
DREADD,Group II (Expression only),DREADD_Vehicle,235.0,12,8,0,0.6666666666666666,0.0,3.875,0.811469126250126,True,False
DREADD,Group II (Expression only),DREADD_Vehicle,240.0,12,8,0,0.6666666666666666,0.0,4.75,1.0479571965086578,True,False
DREADD,Group II (Expression only),DREADD_Vehicle,245.0,12,8,0,0.6666666666666666,0.0,4.125,0.8951755613924487,True,False
DREADD,Group II (Expression only),DREADD_Vehicle,250.0,12,8,0,0.6666666666666666,0.0,3.875,0.8331845105205861,True,False
DREADD,Group II (Expression only),DREADD_Vehicle,255.0,12,8,0,0.6666666666666666,0.0,3.25,0.75,True,False
DREADD,Group II (Expression only),DREADD_Vehicle,260.0,12,7,0,0.5833333333333334,0.0,2.857142857142857,0.6700593942604899,True,False
DREADD,Group II (Expression only),DREADD_Vehicle,265.0,12,7,0,0.5833333333333334,0.0,2.5714285714285716,0.5281207860194961,True,False
DREADD,Group II (Expression only),DREADD_Vehicle,270.0,12,7,0,0.5833333333333334,0.0,2.142857142857143,0.5532833351724882,True,False
DREADD,Group II (Expression only),DREADD_Vehicle,275.0,12,7,0,0.5833333333333334,0.0,1.8571428571428572,0.34006802040680234,True,False
DREADD,Group II (Expression only),DREADD_Vehicle,280.0,12,7,0,0.5833333333333334,0.0,1.5714285714285714,0.20203050891044216,True,False
DREADD,Group II (Expression only),DREADD_Vehicle,285.0,12,6,0,0.5,0.0,2.0,0.816496580927726,True,False
DREADD,Group II (Expression only),DREADD_Vehicle,290.0,12,5,0,0.4166666666666667,0.0,1.2,0.2,False,False
DREADD,Group II (Expression only),DREADD_Vehicle,295.0,12,5,0,0.4166666666666667,0.0,1.2,0.2,False,False
DREADD,Group II (Expression only),DREADD_Vehicle,300.0,12,3,0,0.25,0.0,1.0,0.0,False,False
DREADD,Group III (Effector only),None_CNO,5.0,12,11,8,0.9166666666666666,0.7272727272727273,0.36363636363636365,0.20327890704543544,True,True
DREADD,Group III (Effector only),None_CNO,10.0,12,11,3,0.9166666666666666,0.2727272727272727,4.2727272727272725,1.1527903624834444,True,False
DREADD,Group III (Effector only),None_CNO,15.0,12,11,0,0.9166666666666666,0.0,8.636363636363637,1.5912986536029865,True,False
DREADD,Group III (Effector only),None_CNO,20.0,12,11,0,0.9166666666666666,0.0,11.636363636363637,2.1920215960811036,True,False
DREADD,Group III (Effector only),None_CNO,25.0,12,11,0,0.9166666666666666,0.0,11.090909090909092,1.8362736251567418,True,False
DREADD,Group III (Effector only),None_CNO,30.0,12,11,0,0.9166666666666666,0.0,12.272727272727273,2.115273071092538,True,False
DREADD,Group III (Effector only),None_CNO,35.0,12,11,0,0.9166666666666666,0.0,13.636363636363637,2.615592153614471,True,False
DREADD,Group III (Effector only),None_CNO,40.0,12,11,0,0.9166666666666666,0.0,13.454545454545455,2.4619417183989936,True,False
DREADD,Group III (Effector only),None_CNO,45.0,12,11,0,0.9166666666666666,0.0,12.818181818181818,2.3386794324155042,True,False
DREADD,Group III (Effector only),None_CNO,50.0,12,11,0,0.9166666666666666,0.0,13.090909090909092,2.333372687586266,True,False
DREADD,Group III (Effector only),None_CNO,55.0,12,11,0,0.9166666666666666,0.0,13.0,2.3432688900143517,True,False
DREADD,Group III (Effector only),None_CNO,60.0,12,11,0,0.9166666666666666,0.0,13.363636363636363,2.1837112999026025,True,False
DREADD,Group III (Effector only),None_CNO,65.0,12,11,0,0.9166666666666666,0.0,14.0,2.453198283502949,True,False
DREADD,Group III (Effector only),None_CNO,70.0,12,11,0,0.9166666666666666,0.0,12.181818181818182,1.9060581972331456,True,False
DREADD,Group III (Effector only),None_CNO,75.0,12,11,0,0.9166666666666666,0.0,12.545454545454545,1.9276157499197923,True,False
DREADD,Group III (Effector only),None_CNO,80.0,12,11,0,0.9166666666666666,0.0,11.636363636363637,1.8304134022511134,True,False
DREADD,Group III (Effector only),None_CNO,85.0,12,10,0,0.8333333333333334,0.0,11.2,1.5114378731672844,True,False
DREADD,Group III (Effector only),None_CNO,90.0,12,10,0,0.8333333333333334,0.0,10.2,1.717879830230017,True,False
DREADD,Group III (Effector only),None_CNO,95.0,12,10,0,0.8333333333333334,0.0,9.9,1.6696639715157593,True,False
DREADD,Group III (Effector only),None_CNO,100.0,12,10,0,0.8333333333333334,0.0,9.4,1.6069294390925266,True,False
DREADD,Group III (Effector only),None_CNO,105.0,12,10,0,0.8333333333333334,0.0,8.9,1.32874209519965,True,False
DREADD,Group III (Effector only),None_CNO,110.0,12,10,0,0.8333333333333334,0.0,8.0,1.577621275493231,True,False
DREADD,Group III (Effector only),None_CNO,115.0,12,10,0,0.8333333333333334,0.0,7.7,1.6058919293927874,True,False
DREADD,Group III (Effector only),None_CNO,120.0,12,10,0,0.8333333333333334,0.0,7.1,1.4564034849968985,True,False
DREADD,Group III (Effector only),None_CNO,125.0,12,10,0,0.8333333333333334,0.0,6.4,1.2578641509408806,True,False
DREADD,Group III (Effector only),None_CNO,130.0,12,10,0,0.8333333333333334,0.0,7.4,1.2754084313139327,True,False
DREADD,Group III (Effector only),None_CNO,135.0,12,10,0,0.8333333333333334,0.0,5.9,1.0588253449512393,True,False
DREADD,Group III (Effector only),None_CNO,140.0,12,10,0,0.8333333333333334,0.0,5.9,1.242309676905615,True,False
DREADD,Group III (Effector only),None_CNO,145.0,12,10,0,0.8333333333333334,0.0,5.8,1.1135528725660044,True,False
DREADD,Group III (Effector only),None_CNO,150.0,12,10,0,0.8333333333333334,0.0,4.8,1.1135528725660044,True,False
DREADD,Group III (Effector only),None_CNO,155.0,12,8,0,0.6666666666666666,0.0,5.375,1.2238332636200313,True,False
DREADD,Group III (Effector only),None_CNO,160.0,12,8,0,0.6666666666666666,0.0,5.0,1.224744871391589,True,False
DREADD,Group III (Effector only),None_CNO,165.0,12,8,0,0.6666666666666666,0.0,4.0,0.9819805060619657,True,False
DREADD,Group III (Effector only),None_CNO,170.0,12,7,0,0.5833333333333334,0.0,3.857142857142857,1.0562415720389922,True,False
DREADD,Group III (Effector only),None_CNO,175.0,12,7,0,0.5833333333333334,0.0,3.142857142857143,1.1004019055515564,True,False
DREADD,Group III (Effector only),None_CNO,180.0,12,7,0,0.5833333333333334,0.0,3.0,1.0910894511799618,True,False
DREADD,Group III (Effector only),None_CNO,185.0,12,6,0,0.5,0.0,2.5,0.8062257748298549,True,False
DREADD,Group III (Effector only),None_CNO,190.0,12,6,0,0.5,0.0,2.3333333333333335,0.8027729719194863,True,False
DREADD,Group III (Effector only),None_CNO,195.0,12,6,0,0.5,0.0,2.3333333333333335,0.8027729719194863,True,False
DREADD,Group III (Effector only),None_CNO,200.0,12,5,0,0.4166666666666667,0.0,2.2,0.7348469228349535,False,False
DREADD,Group III (Effector only),None_CNO,205.0,12,5,0,0.4166666666666667,0.0,2.0,0.7745966692414834,False,False
DREADD,Group III (Effector only),None_CNO,210.0,12,5,0,0.4166666666666667,0.0,3.2,1.9595917942265424,False,False
DREADD,Group III (Effector only),None_CNO,215.0,12,5,0,0.4166666666666667,0.0,2.0,0.7745966692414834,False,False
DREADD,Group III (Effector only),None_CNO,220.0,12,5,0,0.4166666666666667,0.0,2.2,0.5830951894845301,False,False
DREADD,Group III (Effector only),None_CNO,225.0,12,5,0,0.4166666666666667,0.0,2.2,0.58309518948453,False,False
DREADD,Group III (Effector only),None_CNO,230.0,12,5,0,0.4166666666666667,0.0,1.6,0.6,False,False
DREADD,Group III (Effector only),None_CNO,235.0,12,5,0,0.4166666666666667,0.0,1.6,0.6,False,False
DREADD,Group III (Effector only),None_CNO,240.0,12,5,0,0.4166666666666667,0.0,1.6,0.6,False,False
DREADD,Group III (Effector only),None_CNO,245.0,12,5,0,0.4166666666666667,0.0,1.6,0.6,False,False
DREADD,Group III (Effector only),None_CNO,250.0,12,3,0,0.25,0.0,1.3333333333333333,0.3333333333333333,False,False
DREADD,Group III (Effector only),None_CNO,255.0,12,3,0,0.25,0.0,2.6666666666666665,1.2018504251546631,False,False
DREADD,Group III (Effector only),None_CNO,260.0,12,3,0,0.25,0.0,1.3333333333333333,0.3333333333333333,False,False
DREADD,Group III (Effector only),None_CNO,265.0,12,3,0,0.25,0.0,2.0,1.0,False,False
DREADD,Group III (Effector only),None_CNO,270.0,12,3,0,0.25,0.0,1.6666666666666667,0.3333333333333333,False,False
DREADD,Group III (Effector only),None_CNO,275.0,12,2,0,0.16666666666666666,0.0,1.5,0.5,False,False
DREADD,Group III (Effector only),None_CNO,280.0,12,2,0,0.16666666666666666,0.0,1.5,0.5,False,False
DREADD,Group III (Effector only),None_CNO,285.0,12,2,0,0.16666666666666666,0.0,1.5,0.5,False,False
DREADD,Group III (Effector only),None_CNO,290.0,12,2,0,0.16666666666666666,0.0,1.0,0.0,False,False
DREADD,Group III (Effector only),None_CNO,295.0,12,2,0,0.16666666666666666,0.0,1.0,0.0,False,False
DREADD,Group III (Effector only),None_CNO,300.0,12,2,0,0.16666666666666666,0.0,1.0,0.0,False,False
DREADD,Group III (Effector only),None_CNO,305.0,12,2,0,0.16666666666666666,0.0,1.0,0.0,False,False
DREADD,Group III (Effector only),None_CNO,310.0,12,1,0,0.08333333333333333,0.0,1.0,0.0,False,False
DREADD,Group III (Effector only),None_CNO,315.0,12,1,0,0.08333333333333333,0.0,1.0,0.0,False,False
DREADD,Group III (Effector only),None_CNO,320.0,12,1,0,0.08333333333333333,0.0,1.0,0.0,False,False
DREADD,Group III (Effector only),None_CNO,325.0,12,1,0,0.08333333333333333,0.0,1.0,0.0,False,False
DREADD,Group III (Effector only),None_CNO,330.0,12,1,0,0.08333333333333333,0.0,1.0,0.0,False,False
DREADD,Group III (Effector only),None_CNO,335.0,12,1,0,0.08333333333333333,0.0,1.0,0.0,False,False
DREADD,Group III (Effector only),None_CNO,340.0,12,1,0,0.08333333333333333,0.0,1.0,0.0,False,False
DREADD,Group III (Effector only),None_CNO,345.0,12,1,0,0.08333333333333333,0.0,3.0,0.0,False,False
DREADD,Group III (Effector only),None_CNO,350.0,12,1,0,0.08333333333333333,0.0,3.0,0.0,False,False
EYFP,Group I (Activation),EYFP_Control_Media,10.0,12,8,0,0.6666666666666666,0.0,2.125,0.35038244411336755,True,False
EYFP,Group I (Activation),EYFP_Control_Media,15.0,12,11,0,0.9166666666666666,0.0,4.363636363636363,0.6911482839544805,True,False
EYFP,Group I (Activation),EYFP_Control_Media,20.0,12,11,0,0.9166666666666666,0.0,5.545454545454546,0.790438731610333,True,False
EYFP,Group I (Activation),EYFP_Control_Media,25.0,12,11,0,0.9166666666666666,0.0,5.909090909090909,0.7192741979946357,True,False
EYFP,Group I (Activation),EYFP_Control_Media,30.0,12,11,0,0.9166666666666666,0.0,6.090909090909091,0.7065221537354708,True,False
EYFP,Group I (Activation),EYFP_Control_Media,35.0,12,11,0,0.9166666666666666,0.0,6.2727272727272725,0.6479465338620167,True,False
EYFP,Group I (Activation),EYFP_Control_Media,40.0,12,11,0,0.9166666666666666,0.0,6.545454545454546,0.7306738653603679,True,False
EYFP,Group I (Activation),EYFP_Control_Media,45.0,12,11,0,0.9166666666666666,0.0,6.818181818181818,0.6717437527967696,True,False
EYFP,Group I (Activation),EYFP_Control_Media,50.0,12,11,0,0.9166666666666666,0.0,6.909090909090909,0.6668043934869908,True,False
EYFP,Group I (Activation),EYFP_Control_Media,55.0,12,11,0,0.9166666666666666,0.0,7.2727272727272725,0.7638527831854547,True,False
EYFP,Group I (Activation),EYFP_Control_Media,60.0,12,11,0,0.9166666666666666,0.0,7.545454545454546,0.7670917494446905,True,False
EYFP,Group I (Activation),EYFP_Control_Media,65.0,12,11,0,0.9166666666666666,0.0,7.909090909090909,0.9090909090909091,True,False
EYFP,Group I (Activation),EYFP_Control_Media,70.0,12,11,0,0.9166666666666666,0.0,8.090909090909092,0.8785788675163323,True,False
EYFP,Group I (Activation),EYFP_Control_Media,75.0,12,11,0,0.9166666666666666,0.0,7.818181818181818,0.8614805629441552,True,False
EYFP,Group I (Activation),EYFP_Control_Media,80.0,12,11,0,0.9166666666666666,0.0,7.909090909090909,0.8361659845503214,True,False
EYFP,Group I (Activation),EYFP_Control_Media,85.0,12,11,0,0.9166666666666666,0.0,7.545454545454546,0.824220142301319,True,False
EYFP,Group I (Activation),EYFP_Control_Media,90.0,12,11,0,0.9166666666666666,0.0,7.545454545454546,0.9663768920667863,True,False
EYFP,Group I (Activation),EYFP_Control_Media,95.0,12,11,0,0.9166666666666666,0.0,7.454545454545454,0.8018573480436344,True,False
EYFP,Group I (Activation),EYFP_Control_Media,100.0,12,11,0,0.9166666666666666,0.0,7.454545454545454,0.8018573480436344,True,False
EYFP,Group I (Activation),EYFP_Control_Media,105.0,12,11,0,0.9166666666666666,0.0,7.181818181818182,0.6717437527967697,True,False
EYFP,Group I (Activation),EYFP_Control_Media,110.0,12,11,0,0.9166666666666666,0.0,7.181818181818182,0.818181818181818,True,False
EYFP,Group I (Activation),EYFP_Control_Media,115.0,12,11,0,0.9166666666666666,0.0,7.2727272727272725,0.8537714095908289,True,False
EYFP,Group I (Activation),EYFP_Control_Media,120.0,12,11,0,0.9166666666666666,0.0,7.0,0.8633970960424556,True,False
EYFP,Group I (Activation),EYFP_Control_Media,125.0,12,11,0,0.9166666666666666,0.0,6.7272727272727275,0.8430562268632458,True,False
EYFP,Group I (Activation),EYFP_Control_Media,130.0,12,11,0,0.9166666666666666,0.0,6.545454545454546,0.7181242784775089,True,False
EYFP,Group I (Activation),EYFP_Control_Media,135.0,12,11,0,0.9166666666666666,0.0,6.181818181818182,0.6580713116674131,True,False
EYFP,Group I (Activation),EYFP_Control_Media,140.0,12,11,0,0.9166666666666666,0.0,6.181818181818182,0.6298366572977736,True,False
EYFP,Group I (Activation),EYFP_Control_Media,145.0,12,11,0,0.9166666666666666,0.0,5.818181818181818,0.6152336114795866,True,False
EYFP,Group I (Activation),EYFP_Control_Media,150.0,12,11,0,0.9166666666666666,0.0,5.090909090909091,0.7192741979946357,True,False
EYFP,Group I (Activation),EYFP_Control_Media,155.0,12,11,0,0.9166666666666666,0.0,5.0,0.674199862463242,True,False
EYFP,Group I (Activation),EYFP_Control_Media,160.0,12,11,0,0.9166666666666666,0.0,4.7272727272727275,0.6479465338620168,True,False
EYFP,Group I (Activation),EYFP_Control_Media,165.0,12,11,0,0.9166666666666666,0.0,4.454545454545454,0.6517617574158153,True,False
EYFP,Group I (Activation),EYFP_Control_Media,170.0,12,11,0,0.9166666666666666,0.0,4.090909090909091,0.6389557596656573,True,False
EYFP,Group I (Activation),EYFP_Control_Media,175.0,12,11,0,0.9166666666666666,0.0,3.909090909090909,0.6803013430498076,True,False
EYFP,Group I (Activation),EYFP_Control_Media,180.0,12,11,0,0.9166666666666666,0.0,3.909090909090909,0.6803013430498076,True,False
EYFP,Group I (Activation),EYFP_Control_Media,185.0,12,11,0,0.9166666666666666,0.0,3.6363636363636362,0.7660136157433054,True,False
EYFP,Group I (Activation),EYFP_Control_Media,190.0,12,11,0,0.9166666666666666,0.0,3.3636363636363638,0.6911482839544805,True,False
EYFP,Group I (Activation),EYFP_Control_Media,195.0,12,11,0,0.9166666666666666,0.0,3.1818181818181817,0.7956493268014933,True,False
EYFP,Group I (Activation),EYFP_Control_Media,200.0,12,11,0,0.9166666666666666,0.0,3.1818181818181817,0.7724598467726547,True,False
EYFP,Group I (Activation),EYFP_Control_Media,205.0,12,10,0,0.8333333333333334,0.0,3.1,0.706320670013903,True,False
EYFP,Group I (Activation),EYFP_Control_Media,210.0,12,10,0,0.8333333333333334,0.0,3.5,0.749073501808141,True,False
EYFP,Group I (Activation),EYFP_Control_Media,215.0,12,10,0,0.8333333333333334,0.0,3.0,0.5773502691896258,True,False
EYFP,Group I (Activation),EYFP_Control_Media,220.0,12,10,0,0.8333333333333334,0.0,2.6,0.4760952285695233,True,False
EYFP,Group I (Activation),EYFP_Control_Media,225.0,12,10,0,0.8333333333333334,0.0,2.6,0.4760952285695233,True,False
EYFP,Group I (Activation),EYFP_Control_Media,230.0,12,10,0,0.8333333333333334,0.0,2.6,0.4760952285695233,True,False
EYFP,Group I (Activation),EYFP_Control_Media,235.0,12,9,0,0.75,0.0,2.7777777777777777,0.7222222222222222,True,False
EYFP,Group I (Activation),EYFP_Control_Media,240.0,12,9,0,0.75,0.0,2.111111111111111,0.538631095268481,True,False
EYFP,Group I (Activation),EYFP_Control_Media,245.0,12,9,0,0.75,0.0,1.8888888888888888,0.538631095268481,True,False
EYFP,Group I (Activation),EYFP_Control_Media,250.0,12,9,0,0.75,0.0,1.8888888888888888,0.538631095268481,True,False
EYFP,Group I (Activation),EYFP_Control_Media,255.0,12,8,0,0.6666666666666666,0.0,1.875,0.6105471784742413,True,False
EYFP,Group I (Activation),EYFP_Control_Media,260.0,12,8,0,0.6666666666666666,0.0,1.625,0.375,True,False
EYFP,Group I (Activation),EYFP_Control_Media,265.0,12,6,0,0.5,0.0,1.6666666666666667,0.3333333333333333,True,False
EYFP,Group I (Activation),EYFP_Control_Media,270.0,12,6,0,0.5,0.0,1.5,0.3415650255319866,True,False
EYFP,Group I (Activation),EYFP_Control_Media,275.0,12,4,0,0.3333333333333333,0.0,2.25,0.75,False,False
EYFP,Group I (Activation),EYFP_Control_Media,280.0,12,3,0,0.25,0.0,1.6666666666666667,0.6666666666666667,False,False
EYFP,Group I (Activation),EYFP_Control_Media,285.0,12,3,0,0.25,0.0,1.0,0.0,False,False
EYFP,Group I (Activation),EYFP_Control_Media,290.0,12,3,0,0.25,0.0,1.6666666666666667,0.6666666666666667,False,False
EYFP,Group I (Activation),EYFP_Control_Media,295.0,12,3,0,0.25,0.0,1.6666666666666667,0.6666666666666667,False,False
EYFP,Group I (Activation),EYFP_Control_Media,300.0,12,3,0,0.25,0.0,1.0,0.0,False,False
EYFP,Group I (Activation),EYFP_Control_Media,305.0,12,3,0,0.25,0.0,1.0,0.0,False,False
EYFP,Group I (Activation),EYFP_Control_Media,310.0,12,2,0,0.16666666666666666,0.0,1.0,0.0,False,False
EYFP,Group I (Activation),EYFP_Control_Media,315.0,12,1,0,0.08333333333333333,0.0,1.0,0.0,False,False
EYFP,Group I (Activation),EYFP_Control_Media,320.0,12,1,0,0.08333333333333333,0.0,1.0,0.0,False,False
EYFP,Group I (Activation),EYFP_Control_Media,325.0,12,1,0,0.08333333333333333,0.0,1.0,0.0,False,False
EYFP,Group I (Activation),EYFP_Control_Media,330.0,12,1,0,0.08333333333333333,0.0,1.0,0.0,False,False
EYFP,Group II (Expression only),EYFP_Control,10.0,12,10,0,0.8333333333333334,0.0,2.9,0.40688518719112343,True,False
EYFP,Group II (Expression only),EYFP_Control,15.0,12,12,0,1.0,0.0,6.916666666666667,0.5701984414449609,True,False
EYFP,Group II (Expression only),EYFP_Control,20.0,12,12,0,1.0,0.0,9.166666666666666,0.6834996102206037,True,False
EYFP,Group II (Expression only),EYFP_Control,25.0,12,12,0,1.0,0.0,9.666666666666666,0.6435381994422819,True,False
EYFP,Group II (Expression only),EYFP_Control,30.0,12,12,0,1.0,0.0,10.333333333333334,0.7913675671030663,True,False
EYFP,Group II (Expression only),EYFP_Control,35.0,12,12,0,1.0,0.0,11.0,0.9454836825347086,True,False
EYFP,Group II (Expression only),EYFP_Control,40.0,12,12,0,1.0,0.0,10.666666666666666,0.5124707431905382,True,False
EYFP,Group II (Expression only),EYFP_Control,45.0,12,12,0,1.0,0.0,10.833333333333334,0.5050252518939078,True,False
EYFP,Group II (Expression only),EYFP_Control,50.0,12,12,0,1.0,0.0,10.666666666666666,0.6999278462091573,True,False
EYFP,Group II (Expression only),EYFP_Control,55.0,12,12,0,1.0,0.0,11.416666666666666,0.9330491991748389,True,False
EYFP,Group II (Expression only),EYFP_Control,60.0,12,12,0,1.0,0.0,10.916666666666666,0.7925632881080008,True,False
EYFP,Group II (Expression only),EYFP_Control,65.0,12,12,0,1.0,0.0,10.416666666666666,0.8020648856595587,True,False
EYFP,Group II (Expression only),EYFP_Control,70.0,12,12,0,1.0,0.0,10.5,0.7537783614444091,True,False
EYFP,Group II (Expression only),EYFP_Control,75.0,12,12,0,1.0,0.0,10.333333333333334,0.7521014330903549,True,False
EYFP,Group II (Expression only),EYFP_Control,80.0,12,12,0,1.0,0.0,10.083333333333334,0.8389959126325595,True,False
EYFP,Group II (Expression only),EYFP_Control,85.0,12,12,0,1.0,0.0,10.25,0.8886915816371432,True,False
EYFP,Group II (Expression only),EYFP_Control,90.0,12,12,0,1.0,0.0,10.166666666666666,1.1270323953649335,True,False
EYFP,Group II (Expression only),EYFP_Control,95.0,12,12,0,1.0,0.0,10.166666666666666,1.4240006242195884,True,False
EYFP,Group II (Expression only),EYFP_Control,100.0,12,12,0,1.0,0.0,10.0,1.285112894463032,True,False
EYFP,Group II (Expression only),EYFP_Control,105.0,12,12,0,1.0,0.0,10.666666666666666,1.1891767800211261,True,False
EYFP,Group II (Expression only),EYFP_Control,110.0,12,12,0,1.0,0.0,9.583333333333334,1.3226370200734163,True,False
EYFP,Group II (Expression only),EYFP_Control,115.0,12,12,0,1.0,0.0,9.0,1.249242194534775,True,False
EYFP,Group II (Expression only),EYFP_Control,120.0,12,12,0,1.0,0.0,8.416666666666666,1.1707180736969973,True,False
EYFP,Group II (Expression only),EYFP_Control,125.0,12,12,0,1.0,0.0,8.833333333333334,1.217506974240079,True,False
EYFP,Group II (Expression only),EYFP_Control,130.0,12,12,0,1.0,0.0,7.5,1.164500152881315,True,False
EYFP,Group II (Expression only),EYFP_Control,135.0,12,12,0,1.0,0.0,6.916666666666667,1.1245088714724318,True,False
EYFP,Group II (Expression only),EYFP_Control,140.0,12,12,0,1.0,0.0,6.5,1.131504763712036,True,False
EYFP,Group II (Expression only),EYFP_Control,145.0,12,12,0,1.0,0.0,6.666666666666667,1.130388330520878,True,False
EYFP,Group II (Expression only),EYFP_Control,150.0,12,12,0,1.0,0.0,6.75,1.1878488323371996,True,False
EYFP,Group II (Expression only),EYFP_Control,155.0,12,12,0,1.0,0.0,6.416666666666667,1.1577036657874835,True,False
EYFP,Group II (Expression only),EYFP_Control,160.0,12,12,0,1.0,0.0,6.25,1.1423328072082333,True,False
EYFP,Group II (Expression only),EYFP_Control,165.0,12,12,0,1.0,0.0,5.666666666666667,1.1891767800211264,True,False
EYFP,Group II (Expression only),EYFP_Control,170.0,12,12,0,1.0,0.0,6.166666666666667,1.6088454986057046,True,False
EYFP,Group II (Expression only),EYFP_Control,175.0,12,12,0,1.0,0.0,5.833333333333333,1.2722762548624686,True,False
EYFP,Group II (Expression only),EYFP_Control,180.0,12,12,0,1.0,0.0,5.666666666666667,1.1568854041709742,True,False
EYFP,Group II (Expression only),EYFP_Control,185.0,12,12,0,1.0,0.0,5.25,1.0809998177893492,True,False
EYFP,Group II (Expression only),EYFP_Control,190.0,12,12,0,1.0,0.0,5.083333333333333,1.0903039146323497,True,False
EYFP,Group II (Expression only),EYFP_Control,195.0,12,12,0,1.0,0.0,5.333333333333333,1.2752500250000494,True,False
EYFP,Group II (Expression only),EYFP_Control,200.0,12,12,0,1.0,0.0,5.416666666666667,0.9805559132399839,True,False
EYFP,Group II (Expression only),EYFP_Control,205.0,12,11,0,0.9166666666666666,0.0,5.363636363636363,1.1383618794544386,True,False
EYFP,Group II (Expression only),EYFP_Control,210.0,12,11,0,0.9166666666666666,0.0,5.545454545454546,1.3305066455618693,True,False
EYFP,Group II (Expression only),EYFP_Control,215.0,12,11,0,0.9166666666666666,0.0,4.454545454545454,0.9279854658308978,True,False
EYFP,Group II (Expression only),EYFP_Control,220.0,12,11,0,0.9166666666666666,0.0,4.2727272727272725,0.8212065302280883,True,False
EYFP,Group II (Expression only),EYFP_Control,225.0,12,11,0,0.9166666666666666,0.0,4.181818181818182,0.8069942189517143,True,False
EYFP,Group II (Expression only),EYFP_Control,230.0,12,11,0,0.9166666666666666,0.0,4.636363636363637,1.1141464508984384,True,False
EYFP,Group II (Expression only),EYFP_Control,235.0,12,11,0,0.9166666666666666,0.0,3.909090909090909,0.825222234029834,True,False
EYFP,Group II (Expression only),EYFP_Control,240.0,12,10,0,0.8333333333333334,0.0,3.7,0.7461009761866464,True,False
EYFP,Group II (Expression only),EYFP_Control,245.0,12,10,0,0.8333333333333334,0.0,3.8,0.7859884081701064,True,False
EYFP,Group II (Expression only),EYFP_Control,250.0,12,9,0,0.75,0.0,5.333333333333333,1.8708286933869707,True,False
EYFP,Group II (Expression only),EYFP_Control,255.0,12,9,0,0.75,0.0,3.7777777777777777,0.7954345035153529,True,False
EYFP,Group II (Expression only),EYFP_Control,260.0,12,9,0,0.75,0.0,4.444444444444445,1.081551240773988,True,False
EYFP,Group II (Expression only),EYFP_Control,265.0,12,9,0,0.75,0.0,4.222222222222222,0.7777777777777778,True,False
EYFP,Group II (Expression only),EYFP_Control,270.0,12,9,0,0.75,0.0,3.7777777777777777,0.7222222222222222,True,False
EYFP,Group II (Expression only),EYFP_Control,275.0,12,9,0,0.75,0.0,3.6666666666666665,0.8333333333333334,True,False
EYFP,Group II (Expression only),EYFP_Control,280.0,12,9,1,0.75,0.1111111111111111,3.3333333333333335,0.8164965809277259,True,False
EYFP,Group II (Expression only),EYFP_Control,285.0,12,8,1,0.6666666666666666,0.125,3.875,1.0426186126425,True,False
EYFP,Group II (Expression only),EYFP_Control,290.0,12,8,0,0.6666666666666666,0.0,3.625,0.8223984956906752,True,False
EYFP,Group II (Expression only),EYFP_Control,295.0,12,8,0,0.6666666666666666,0.0,3.375,0.7777600621565204,True,False
EYFP,Group II (Expression only),EYFP_Control,300.0,12,7,0,0.5833333333333334,0.0,2.7142857142857144,0.6441785361175564,True,False
EYFP,Group II (Expression only),EYFP_Control,305.0,12,7,0,0.5833333333333334,0.0,2.7142857142857144,0.7781016494461044,True,False
EYFP,Group II (Expression only),EYFP_Control,310.0,12,7,0,0.5833333333333334,0.0,2.857142857142857,0.7996597916069841,True,False
EYFP,Group II (Expression only),EYFP_Control,315.0,12,6,0,0.5,0.0,2.8333333333333335,0.9098229375970788,True,False
EYFP,Group II (Expression only),EYFP_Control,320.0,12,6,0,0.5,0.0,2.8333333333333335,0.9098229375970788,True,False
EYFP,Group II (Expression only),EYFP_Control,325.0,12,5,0,0.4166666666666667,0.0,3.2,1.019803902718557,False,False
EYFP,Group II (Expression only),EYFP_Control,330.0,12,5,0,0.4166666666666667,0.0,3.4,1.1224972160321824,False,False
EYFP,Group II (Expression only),EYFP_Control,335.0,12,5,0,0.4166666666666667,0.0,2.6,0.812403840463596,False,False
EYFP,Group II (Expression only),EYFP_Control,340.0,12,5,0,0.4166666666666667,0.0,2.8,0.9695359714832659,False,False
EYFP,Group II (Expression only),EYFP_Control,345.0,12,4,0,0.3333333333333333,0.0,4.0,1.5811388300841898,False,False
EYFP,Group II (Expression only),EYFP_Control,350.0,12,4,0,0.3333333333333333,0.0,3.25,1.1086778913041726,False,False
EYFP,Group II (Expression only),EYFP_Control,355.0,12,4,0,0.3333333333333333,0.0,3.0,1.224744871391589,False,False
EYFP,Group II (Expression only),EYFP_Control,360.0,12,3,0,0.25,0.0,3.6666666666666665,1.4529663145135578,False,False
EYFP,Group II (Expression only),EYFP_Control,365.0,12,3,0,0.25,0.0,3.6666666666666665,1.4529663145135578,False,False
EYFP,Group II (Expression only),EYFP_Control,370.0,12,3,0,0.25,0.0,3.6666666666666665,1.4529663145135578,False,False
EYFP,Group II (Expression only),EYFP_Control,375.0,12,3,0,0.25,0.0,3.6666666666666665,1.4529663145135578,False,False
EYFP,Group II (Expression only),EYFP_Control,380.0,12,3,0,0.25,0.0,3.6666666666666665,1.4529663145135578,False,False
EYFP,Group II (Expression only),EYFP_Control,385.0,12,3,0,0.25,0.0,3.6666666666666665,1.4529663145135578,False,False
EYFP,Group II (Expression only),EYFP_Control,390.0,12,3,0,0.25,0.0,3.0,1.0,False,False
EYFP,Group II (Expression only),EYFP_Control,395.0,12,3,0,0.25,0.0,3.3333333333333335,1.2018504251546631,False,False
EYFP,Group II (Expression only),EYFP_Control,400.0,12,3,0,0.25,0.0,2.6666666666666665,1.2018504251546631,False,False
EYFP,Group II (Expression only),EYFP_Control,405.0,12,3,0,0.25,0.0,2.6666666666666665,1.2018504251546631,False,False
EYFP,Group II (Expression only),EYFP_Control,410.0,12,3,0,0.25,0.0,2.6666666666666665,1.2018504251546631,False,False
EYFP,Group II (Expression only),EYFP_Control,415.0,12,2,0,0.16666666666666666,0.0,3.0,2.0,False,False
EYFP,Group II (Expression only),EYFP_Control,420.0,12,2,0,0.16666666666666666,0.0,3.0,2.0,False,False
EYFP,Group II (Expression only),EYFP_Control,425.0,12,2,0,0.16666666666666666,0.0,2.0,1.0,False,False
EYFP,Group II (Expression only),EYFP_Control,430.0,12,2,0,0.16666666666666666,0.0,2.0,1.0,False,False
EYFP,Group II (Expression only),EYFP_Control,435.0,12,1,0,0.08333333333333333,0.0,3.0,0.0,False,False
EYFP,Group II (Expression only),EYFP_Control,440.0,12,1,0,0.08333333333333333,0.0,3.0,0.0,False,False
EYFP,Group II (Expression only),EYFP_Control,445.0,12,1,0,0.08333333333333333,0.0,3.0,0.0,False,False
EYFP,Group II (Expression only),EYFP_Control,450.0,12,1,0,0.08333333333333333,0.0,3.0,0.0,False,False
EYFP,Group II (Expression only),EYFP_Control,455.0,12,1,0,0.08333333333333333,0.0,4.0,0.0,False,False
EYFP,Group II (Expression only),EYFP_Control,460.0,12,1,0,0.08333333333333333,0.0,4.0,0.0,False,False
EYFP,Group II (Expression only),EYFP_Control,465.0,12,1,0,0.08333333333333333,0.0,4.0,0.0,False,False
EYFP,Group II (Expression only),EYFP_Control,470.0,12,1,0,0.08333333333333333,0.0,4.0,0.0,False,False
EYFP,Group II (Expression only),EYFP_Control,475.0,12,1,0,0.08333333333333333,0.0,3.0,0.0,False,False
EYFP,Group II (Expression only),EYFP_Control,480.0,12,1,0,0.08333333333333333,0.0,3.0,0.0,False,False
EYFP,Group II (Expression only),EYFP_Control,485.0,12,1,0,0.08333333333333333,0.0,3.0,0.0,False,False
EYFP,Group II (Expression only),EYFP_Control,490.0,12,1,0,0.08333333333333333,0.0,3.0,0.0,False,False
EYFP,Group II (Expression only),EYFP_Control,495.0,12,1,0,0.08333333333333333,0.0,3.0,0.0,False,False
EYFP,Group II (Expression only),EYFP_Control,500.0,12,1,0,0.08333333333333333,0.0,3.0,0.0,False,False
EYFP,Group II (Expression only),EYFP_Control,505.0,12,1,0,0.08333333333333333,0.0,2.0,0.0,False,False
EYFP,Group II (Expression only),EYFP_Control,510.0,12,1,0,0.08333333333333333,0.0,2.0,0.0,False,False
EYFP,Group II (Expression only),EYFP_Control,515.0,12,1,0,0.08333333333333333,0.0,1.0,0.0,False,False
EYFP,Group II (Expression only),EYFP_Control,520.0,12,1,0,0.08333333333333333,0.0,1.0,0.0,False,False
EYFP,Group II (Expression only),EYFP_Control,525.0,12,1,0,0.08333333333333333,0.0,1.0,0.0,False,False
EYFP,Group II (Expression only),EYFP_Control,530.0,12,1,0,0.08333333333333333,0.0,1.0,0.0,False,False
EYFP,Group II (Expression only),EYFP_Control,535.0,12,1,0,0.08333333333333333,0.0,1.0,0.0,False,False
EYFP,Group II (Expression only),EYFP_Control,540.0,12,1,0,0.08333333333333333,0.0,1.0,0.0,False,False
EYFP,Group III (Effector only),None_Vehicle,5.0,12,11,10,0.9166666666666666,0.9090909090909091,0.18181818181818182,0.18181818181818182,True,True
EYFP,Group III (Effector only),None_Vehicle,10.0,12,11,4,0.9166666666666666,0.36363636363636365,1.6363636363636365,0.5604012729971797,True,False
EYFP,Group III (Effector only),None_Vehicle,15.0,12,11,1,0.9166666666666666,0.09090909090909091,4.909090909090909,1.0909090909090908,True,False
EYFP,Group III (Effector only),None_Vehicle,20.0,12,11,0,0.9166666666666666,0.0,7.0,0.8842048302391148,True,False
EYFP,Group III (Effector only),None_Vehicle,25.0,12,11,0,0.9166666666666666,0.0,8.363636363636363,0.823216830739765,True,False
EYFP,Group III (Effector only),None_Vehicle,30.0,12,11,0,0.9166666666666666,0.0,8.181818181818182,0.5529784118452926,True,False
EYFP,Group III (Effector only),None_Vehicle,35.0,12,11,0,0.9166666666666666,0.0,8.818181818181818,0.6580713116674132,True,False
EYFP,Group III (Effector only),None_Vehicle,40.0,12,11,0,0.9166666666666666,0.0,9.727272727272727,0.8322030902796952,True,False
EYFP,Group III (Effector only),None_Vehicle,45.0,12,11,0,0.9166666666666666,0.0,10.363636363636363,0.9748913904330552,True,False
EYFP,Group III (Effector only),None_Vehicle,50.0,12,11,0,0.9166666666666666,0.0,10.727272727272727,0.9350829724090031,True,False
EYFP,Group III (Effector only),None_Vehicle,55.0,12,11,0,0.9166666666666666,0.0,10.636363636363637,0.8008260198380088,True,False
EYFP,Group III (Effector only),None_Vehicle,60.0,12,11,0,0.9166666666666666,0.0,11.454545454545455,1.0389123365208475,True,False
EYFP,Group III (Effector only),None_Vehicle,65.0,12,11,0,0.9166666666666666,0.0,10.818181818181818,1.0515631811579094,True,False
EYFP,Group III (Effector only),None_Vehicle,70.0,12,11,0,0.9166666666666666,0.0,11.454545454545455,0.856670471955618,True,False
EYFP,Group III (Effector only),None_Vehicle,75.0,12,11,0,0.9166666666666666,0.0,10.909090909090908,0.8576346483687821,True,False
EYFP,Group III (Effector only),None_Vehicle,80.0,12,11,0,0.9166666666666666,0.0,10.727272727272727,0.9054472434900896,True,False
EYFP,Group III (Effector only),None_Vehicle,85.0,12,11,0,0.9166666666666666,0.0,11.090909090909092,0.9482476225749309,True,False
EYFP,Group III (Effector only),None_Vehicle,90.0,12,11,0,0.9166666666666666,0.0,11.909090909090908,1.0741131263812311,True,False
EYFP,Group III (Effector only),None_Vehicle,95.0,12,11,0,0.9166666666666666,0.0,11.363636363636363,1.089392885741472,True,False
EYFP,Group III (Effector only),None_Vehicle,100.0,12,11,0,0.9166666666666666,0.0,11.454545454545455,0.9279854658308978,True,False
EYFP,Group III (Effector only),None_Vehicle,105.0,12,11,0,0.9166666666666666,0.0,12.0,1.3211565181516327,True,False
EYFP,Group III (Effector only),None_Vehicle,110.0,12,11,0,0.9166666666666666,0.0,11.272727272727273,0.9917011013305195,True,False
EYFP,Group III (Effector only),None_Vehicle,115.0,12,11,0,0.9166666666666666,0.0,10.545454545454545,1.1148879794004285,True,False
EYFP,Group III (Effector only),None_Vehicle,120.0,12,11,0,0.9166666666666666,0.0,10.090909090909092,0.9577867048047944,True,False
EYFP,Group III (Effector only),None_Vehicle,125.0,12,11,0,0.9166666666666666,0.0,9.818181818181818,0.9983457391485342,True,False
EYFP,Group III (Effector only),None_Vehicle,130.0,12,11,0,0.9166666666666666,0.0,9.727272727272727,1.1527903624834441,True,False
EYFP,Group III (Effector only),None_Vehicle,135.0,12,11,0,0.9166666666666666,0.0,11.181818181818182,1.6114261431651258,True,False
EYFP,Group III (Effector only),None_Vehicle,140.0,12,11,0,0.9166666666666666,0.0,9.181818181818182,1.2850057079334267,True,False
EYFP,Group III (Effector only),None_Vehicle,145.0,12,11,0,0.9166666666666666,0.0,8.909090909090908,1.3173978860172217,True,False
EYFP,Group III (Effector only),None_Vehicle,150.0,12,11,0,0.9166666666666666,0.0,9.363636363636363,1.114146450898439,True,False
EYFP,Group III (Effector only),None_Vehicle,155.0,12,11,0,0.9166666666666666,0.0,9.090909090909092,1.3242805625185559,True,False
EYFP,Group III (Effector only),None_Vehicle,160.0,12,11,0,0.9166666666666666,0.0,8.363636363636363,1.1853095282186632,True,False
EYFP,Group III (Effector only),None_Vehicle,165.0,12,11,0,0.9166666666666666,0.0,7.909090909090909,1.2094667905136427,True,False
EYFP,Group III (Effector only),None_Vehicle,170.0,12,11,0,0.9166666666666666,0.0,7.636363636363637,1.1853095282186634,True,False
EYFP,Group III (Effector only),None_Vehicle,175.0,12,11,0,0.9166666666666666,0.0,7.7272727272727275,1.3557346823496181,True,False
EYFP,Group III (Effector only),None_Vehicle,180.0,12,11,0,0.9166666666666666,0.0,7.454545454545454,1.2675218223951548,True,False
EYFP,Group III (Effector only),None_Vehicle,185.0,12,11,0,0.9166666666666666,0.0,8.272727272727273,1.7220015261893198,True,False
EYFP,Group III (Effector only),None_Vehicle,190.0,12,11,0,0.9166666666666666,0.0,8.272727272727273,1.8095248451704817,True,False
EYFP,Group III (Effector only),None_Vehicle,195.0,12,11,0,0.9166666666666666,0.0,7.2727272727272725,1.5379496923496383,True,False
EYFP,Group III (Effector only),None_Vehicle,200.0,12,11,0,0.9166666666666666,0.0,7.0,1.4832396974191324,True,False
EYFP,Group III (Effector only),None_Vehicle,205.0,12,11,0,0.9166666666666666,0.0,6.636363636363637,1.4477112172650461,True,False
EYFP,Group III (Effector only),None_Vehicle,210.0,12,11,0,0.9166666666666666,0.0,6.7272727272727275,1.5787849706249024,True,False
EYFP,Group III (Effector only),None_Vehicle,215.0,12,11,0,0.9166666666666666,0.0,5.545454545454546,1.0733434285923957,True,False
EYFP,Group III (Effector only),None_Vehicle,220.0,12,10,0,0.8333333333333334,0.0,6.3,1.3503086067019396,True,False
EYFP,Group III (Effector only),None_Vehicle,225.0,12,10,0,0.8333333333333334,0.0,5.8,1.0624918300339485,True,False
EYFP,Group III (Effector only),None_Vehicle,230.0,12,10,0,0.8333333333333334,0.0,5.9,1.1396880664852505,True,False
EYFP,Group III (Effector only),None_Vehicle,235.0,12,10,0,0.8333333333333334,0.0,5.6,0.8844332774281066,True,False
EYFP,Group III (Effector only),None_Vehicle,240.0,12,10,0,0.8333333333333334,0.0,5.7,0.989388138643722,True,False
EYFP,Group III (Effector only),None_Vehicle,245.0,12,10,0,0.8333333333333334,0.0,4.9,0.8491826135237999,True,False
EYFP,Group III (Effector only),None_Vehicle,250.0,12,10,0,0.8333333333333334,0.0,4.9,1.026861453383291,True,False
EYFP,Group III (Effector only),None_Vehicle,255.0,12,10,0,0.8333333333333334,0.0,4.9,0.9480975102218594,True,False
EYFP,Group III (Effector only),None_Vehicle,260.0,12,10,0,0.8333333333333334,0.0,4.4,1.1175369742826806,True,False
EYFP,Group III (Effector only),None_Vehicle,265.0,12,7,0,0.5833333333333334,0.0,5.857142857142857,1.4545261285048823,True,False
EYFP,Group III (Effector only),None_Vehicle,270.0,12,6,0,0.5,0.0,7.166666666666667,2.25708760229736,True,False
EYFP,Group III (Effector only),None_Vehicle,275.0,12,6,0,0.5,0.0,5.166666666666667,1.3519533193782163,True,False
EYFP,Group III (Effector only),None_Vehicle,280.0,12,5,0,0.4166666666666667,0.0,7.6,2.3151673805580453,False,False
EYFP,Group III (Effector only),None_Vehicle,285.0,12,4,0,0.3333333333333333,0.0,6.25,0.8539125638299665,False,False
EYFP,Group III (Effector only),None_Vehicle,290.0,12,4,0,0.3333333333333333,0.0,6.0,1.0801234497346435,False,False
EYFP,Group III (Effector only),None_Vehicle,295.0,12,3,0,0.25,0.0,7.0,0.5773502691896257,False,False
EYFP,Group III (Effector only),None_Vehicle,300.0,12,3,0,0.25,0.0,7.333333333333333,1.2018504251546631,False,False
EYFP,Group III (Effector only),None_Vehicle,305.0,12,3,0,0.25,0.0,6.333333333333333,1.2018504251546631,False,False
EYFP,Group III (Effector only),None_Vehicle,310.0,12,3,0,0.25,0.0,6.666666666666667,0.881917103688197,False,False
EYFP,Group III (Effector only),None_Vehicle,315.0,12,3,0,0.25,0.0,6.0,1.5275252316519468,False,False
EYFP,Group III (Effector only),None_Vehicle,320.0,12,3,0,0.25,0.0,4.666666666666667,1.4529663145135578,False,False
EYFP,Group III (Effector only),None_Vehicle,325.0,12,3,0,0.25,0.0,4.666666666666667,1.4529663145135578,False,False
EYFP,Group III (Effector only),None_Vehicle,330.0,12,3,0,0.25,0.0,4.0,1.1547005383792515,False,False
EYFP,Group III (Effector only),None_Vehicle,335.0,12,3,0,0.25,0.0,3.6666666666666665,1.4529663145135578,False,False
EYFP,Group III (Effector only),None_Vehicle,340.0,12,3,0,0.25,0.0,3.6666666666666665,1.4529663145135578,False,False
EYFP,Group III (Effector only),None_Vehicle,345.0,12,2,0,0.16666666666666666,0.0,5.0,1.0,False,False
EYFP,Group III (Effector only),None_Vehicle,350.0,12,2,0,0.16666666666666666,0.0,5.0,1.0,False,False
EYFP,Group III (Effector only),None_Vehicle,355.0,12,2,0,0.16666666666666666,0.0,5.0,1.0,False,False
EYFP,Group III (Effector only),None_Vehicle,360.0,12,2,0,0.16666666666666666,0.0,5.0,1.0,False,False
EYFP,Group III (Effector only),None_Vehicle,365.0,12,2,0,0.16666666666666666,0.0,4.5,1.5,False,False
EYFP,Group III (Effector only),None_Vehicle,370.0,12,2,0,0.16666666666666666,0.0,4.5,1.5,False,False
EYFP,Group III (Effector only),None_Vehicle,375.0,12,2,0,0.16666666666666666,0.0,4.5,1.5,False,False
EYFP,Group III (Effector only),None_Vehicle,380.0,12,2,0,0.16666666666666666,0.0,4.5,1.5,False,False
EYFP,Group III (Effector only),None_Vehicle,385.0,12,2,0,0.16666666666666666,0.0,4.5,1.5,False,False
EYFP,Group III (Effector only),None_Vehicle,390.0,12,2,0,0.16666666666666666,0.0,4.5,1.5,False,False
EYFP,Group III (Effector only),None_Vehicle,395.0,12,2,0,0.16666666666666666,0.0,4.5,1.5,False,False
EYFP,Group III (Effector only),None_Vehicle,400.0,12,2,0,0.16666666666666666,0.0,5.0,2.0,False,False
EYFP,Group III (Effector only),None_Vehicle,405.0,12,2,0,0.16666666666666666,0.0,3.5,0.5,False,False
EYFP,Group III (Effector only),None_Vehicle,410.0,12,2,0,0.16666666666666666,0.0,3.0,0.0,False,False
EYFP,Group III (Effector only),None_Vehicle,415.0,12,2,0,0.16666666666666666,0.0,3.0,0.0,False,False
EYFP,Group III (Effector only),None_Vehicle,420.0,12,2,0,0.16666666666666666,0.0,3.0,0.0,False,False
EYFP,Group III (Effector only),None_Vehicle,425.0,12,2,0,0.16666666666666666,0.0,3.0,0.0,False,False
EYFP,Group III (Effector only),None_Vehicle,430.0,12,2,0,0.16666666666666666,0.0,3.5,0.5,False,False
EYFP,Group III (Effector only),None_Vehicle,435.0,12,2,0,0.16666666666666666,0.0,3.5,0.5,False,False
EYFP,Group III (Effector only),None_Vehicle,440.0,12,2,0,0.16666666666666666,0.0,2.5,0.5,False,False
EYFP,Group III (Effector only),None_Vehicle,445.0,12,2,0,0.16666666666666666,0.0,2.5,0.5,False,False
EYFP,Group III (Effector only),None_Vehicle,450.0,12,2,0,0.16666666666666666,0.0,2.0,0.0,False,False
EYFP,Group III (Effector only),None_Vehicle,455.0,12,2,0,0.16666666666666666,0.0,2.0,0.0,False,False
EYFP,Group III (Effector only),None_Vehicle,460.0,12,2,0,0.16666666666666666,0.0,2.0,0.0,False,False
EYFP,Group III (Effector only),None_Vehicle,465.0,12,2,0,0.16666666666666666,0.0,1.5,0.5,False,False
EYFP,Group III (Effector only),None_Vehicle,470.0,12,2,0,0.16666666666666666,0.0,1.5,0.5,False,False
EYFP,Group III (Effector only),None_Vehicle,475.0,12,2,0,0.16666666666666666,0.0,1.5,0.5,False,False
EYFP,Group III (Effector only),None_Vehicle,480.0,12,2,0,0.16666666666666666,0.0,1.5,0.5,False,False
EYFP,Group III (Effector only),None_Vehicle,485.0,12,2,0,0.16666666666666666,0.0,1.5,0.5,False,False
EYFP,Group III (Effector only),None_Vehicle,490.0,12,2,0,0.16666666666666666,0.0,1.5,0.5,False,False
EYFP,Group III (Effector only),None_Vehicle,495.0,12,2,0,0.16666666666666666,0.0,1.5,0.5,False,False
EYFP,Group III (Effector only),None_Vehicle,500.0,12,2,0,0.16666666666666666,0.0,1.5,0.5,False,False
EYFP,Group III (Effector only),None_Vehicle,505.0,12,2,0,0.16666666666666666,0.0,1.5,0.5,False,False
EYFP,Group III (Effector only),None_Vehicle,510.0,12,2,0,0.16666666666666666,0.0,1.5,0.5,False,False
EYFP,Group III (Effector only),None_Vehicle,515.0,12,2,0,0.16666666666666666,0.0,1.5,0.5,False,False
EYFP,Group III (Effector only),None_Vehicle,520.0,12,2,0,0.16666666666666666,0.0,1.0,0.0,False,False
EYFP,Group III (Effector only),None_Vehicle,525.0,12,2,0,0.16666666666666666,0.0,1.0,0.0,False,False
EYFP,Group III (Effector only),None_Vehicle,530.0,12,2,0,0.16666666666666666,0.0,1.0,0.0,False,False
EYFP,Group III (Effector only),None_Vehicle,535.0,12,2,0,0.16666666666666666,0.0,1.0,0.0,False,False
EYFP,Group III (Effector only),None_Vehicle,540.0,12,1,0,0.08333333333333333,0.0,1.0,0.0,False,False
EYFP,Group III (Effector only),None_Vehicle,545.0,12,1,0,0.08333333333333333,0.0,1.0,0.0,False,False
LMO7,Group I (Activation),LMO7_hCTZ,5.0,12,1,0,0.08333333333333333,0.0,2.0,0.0,False,False
LMO7,Group I (Activation),LMO7_hCTZ,10.0,12,9,0,0.75,0.0,4.111111111111111,0.7349309197401641,True,False
LMO7,Group I (Activation),LMO7_hCTZ,15.0,12,9,0,0.75,0.0,8.444444444444445,1.68416737680268,True,False
LMO7,Group I (Activation),LMO7_hCTZ,20.0,12,9,0,0.75,0.0,9.333333333333334,1.4240006242195886,True,False
LMO7,Group I (Activation),LMO7_hCTZ,25.0,12,9,0,0.75,0.0,10.0,1.4624940645653537,True,False
LMO7,Group I (Activation),LMO7_hCTZ,30.0,12,9,0,0.75,0.0,10.666666666666666,1.4142135623730951,True,False
LMO7,Group I (Activation),LMO7_hCTZ,35.0,12,9,0,0.75,0.0,11.777777777777779,1.3414107186277375,True,False
LMO7,Group I (Activation),LMO7_hCTZ,40.0,12,9,0,0.75,0.0,11.88888888888889,1.457208560956,True,False
LMO7,Group I (Activation),LMO7_hCTZ,45.0,12,9,0,0.75,0.0,11.88888888888889,1.4087469259006629,True,False
LMO7,Group I (Activation),LMO7_hCTZ,50.0,12,9,0,0.75,0.0,11.333333333333334,1.2133516482134197,True,False
LMO7,Group I (Activation),LMO7_hCTZ,55.0,12,9,0,0.75,0.0,11.222222222222221,1.1876421292462196,True,False
LMO7,Group I (Activation),LMO7_hCTZ,60.0,12,9,0,0.75,0.0,11.0,1.2018504251546631,True,False
LMO7,Group I (Activation),LMO7_hCTZ,65.0,12,9,0,0.75,0.0,11.0,0.8333333333333331,True,False
LMO7,Group I (Activation),LMO7_hCTZ,70.0,12,9,0,0.75,0.0,10.555555555555555,0.8992452253465915,True,False
LMO7,Group I (Activation),LMO7_hCTZ,75.0,12,9,0,0.75,0.0,9.777777777777779,0.829621362392671,True,False
LMO7,Group I (Activation),LMO7_hCTZ,80.0,12,9,0,0.75,0.0,9.88888888888889,0.7895928001973275,True,False
LMO7,Group I (Activation),LMO7_hCTZ,85.0,12,9,0,0.75,0.0,9.555555555555555,0.9590375834240039,True,False
LMO7,Group I (Activation),LMO7_hCTZ,90.0,12,9,0,0.75,0.0,8.11111111111111,0.9781564923143895,True,False
LMO7,Group I (Activation),LMO7_hCTZ,95.0,12,9,0,0.75,0.0,7.111111111111111,0.9196080754026027,True,False
LMO7,Group I (Activation),LMO7_hCTZ,100.0,12,8,0,0.6666666666666666,0.0,7.875,0.6391260774347599,True,False
LMO7,Group I (Activation),LMO7_hCTZ,105.0,12,8,0,0.6666666666666666,0.0,7.75,0.7499999999999999,True,False
LMO7,Group I (Activation),LMO7_hCTZ,110.0,12,8,0,0.6666666666666666,0.0,7.875,0.9899043965382285,True,False
LMO7,Group I (Activation),LMO7_hCTZ,115.0,12,8,0,0.6666666666666666,0.0,7.125,1.1716517644517321,True,False
LMO7,Group I (Activation),LMO7_hCTZ,120.0,12,8,0,0.6666666666666666,0.0,6.5,1.3363062095621219,True,False
LMO7,Group I (Activation),LMO7_hCTZ,125.0,12,8,0,0.6666666666666666,0.0,6.75,1.5555201243130405,True,False
LMO7,Group I (Activation),LMO7_hCTZ,130.0,12,8,0,0.6666666666666666,0.0,6.125,1.5170165739748152,True,False
LMO7,Group I (Activation),LMO7_hCTZ,135.0,12,8,0,0.6666666666666666,0.0,6.125,1.5972912338438114,True,False
LMO7,Group I (Activation),LMO7_hCTZ,140.0,12,7,0,0.5833333333333334,0.0,7.285714285714286,1.8088971345926264,True,False
LMO7,Group I (Activation),LMO7_hCTZ,145.0,12,7,0,0.5833333333333334,0.0,6.0,1.5430334996209192,True,False
LMO7,Group I (Activation),LMO7_hCTZ,150.0,12,7,0,0.5833333333333334,0.0,5.0,1.4309504001254019,True,False
LMO7,Group I (Activation),LMO7_hCTZ,155.0,12,7,0,0.5833333333333334,0.0,4.571428571428571,1.4937511563198211,True,False
LMO7,Group I (Activation),LMO7_hCTZ,160.0,12,6,0,0.5,0.0,5.166666666666667,1.887090647295755,True,False
LMO7,Group I (Activation),LMO7_hCTZ,165.0,12,5,0,0.4166666666666667,0.0,5.8,1.7435595774162693,False,False
LMO7,Group I (Activation),LMO7_hCTZ,170.0,12,5,0,0.4166666666666667,0.0,6.0,2.04939015319192,False,False
LMO7,Group I (Activation),LMO7_hCTZ,175.0,12,5,0,0.4166666666666667,0.0,4.8,1.7435595774162693,False,False
LMO7,Group I (Activation),LMO7_hCTZ,180.0,12,5,0,0.4166666666666667,0.0,4.4,1.5033296378372907,False,False
LMO7,Group I (Activation),LMO7_hCTZ,185.0,12,5,0,0.4166666666666667,0.0,4.4,1.2489995996796797,False,False
LMO7,Group I (Activation),LMO7_hCTZ,190.0,12,5,0,0.4166666666666667,0.0,3.4,1.469693845669907,False,False
LMO7,Group I (Activation),LMO7_hCTZ,195.0,12,4,0,0.3333333333333333,0.0,3.0,1.1547005383792515,False,False
LMO7,Group I (Activation),LMO7_hCTZ,200.0,12,3,0,0.25,0.0,3.6666666666666665,1.3333333333333335,False,False
LMO7,Group I (Activation),LMO7_hCTZ,205.0,12,3,0,0.25,0.0,3.0,1.0,False,False
LMO7,Group I (Activation),LMO7_hCTZ,210.0,12,3,0,0.25,0.0,3.0,1.0,False,False
LMO7,Group I (Activation),LMO7_hCTZ,215.0,12,3,0,0.25,0.0,2.3333333333333335,0.6666666666666666,False,False
LMO7,Group I (Activation),LMO7_hCTZ,220.0,12,3,0,0.25,0.0,2.3333333333333335,0.6666666666666666,False,False
LMO7,Group I (Activation),LMO7_hCTZ,225.0,12,3,0,0.25,0.0,1.6666666666666667,0.3333333333333333,False,False
LMO7,Group I (Activation),LMO7_hCTZ,230.0,12,3,0,0.25,0.0,1.6666666666666667,0.3333333333333333,False,False
LMO7,Group I (Activation),LMO7_hCTZ,235.0,12,3,0,0.25,0.0,1.6666666666666667,0.3333333333333333,False,False
LMO7,Group I (Activation),LMO7_hCTZ,240.0,12,2,0,0.16666666666666666,0.0,1.0,0.0,False,False
LMO7,Group I (Activation),LMO7_hCTZ,245.0,12,2,0,0.16666666666666666,0.0,1.0,0.0,False,False
LMO7,Group I (Activation),LMO7_hCTZ,250.0,12,2,0,0.16666666666666666,0.0,1.0,0.0,False,False
LMO7,Group I (Activation),LMO7_hCTZ,255.0,12,2,0,0.16666666666666666,0.0,1.0,0.0,False,False
LMO7,Group II (Expression only),LMO7_Vehicle,5.0,12,1,0,0.08333333333333333,0.0,1.0,0.0,False,False
LMO7,Group II (Expression only),LMO7_Vehicle,10.0,12,9,0,0.75,0.0,5.0,0.6236095644623235,True,False
LMO7,Group II (Expression only),LMO7_Vehicle,15.0,12,11,0,0.9166666666666666,0.0,9.545454545454545,1.5918179222262392,True,False
LMO7,Group II (Expression only),LMO7_Vehicle,20.0,12,11,0,0.9166666666666666,0.0,12.272727272727273,1.4212088906082039,True,False
LMO7,Group II (Expression only),LMO7_Vehicle,25.0,12,11,0,0.9166666666666666,0.0,13.636363636363637,1.200550837761395,True,False
LMO7,Group II (Expression only),LMO7_Vehicle,30.0,12,11,0,0.9166666666666666,0.0,14.636363636363637,1.74393873575008,True,False
LMO7,Group II (Expression only),LMO7_Vehicle,35.0,12,11,0,0.9166666666666666,0.0,14.727272727272727,1.7533910474532644,True,False
LMO7,Group II (Expression only),LMO7_Vehicle,40.0,12,11,0,0.9166666666666666,0.0,15.727272727272727,1.8881973562629373,True,False
LMO7,Group II (Expression only),LMO7_Vehicle,45.0,12,11,0,0.9166666666666666,0.0,16.636363636363637,1.8745798427319278,True,False
LMO7,Group II (Expression only),LMO7_Vehicle,50.0,12,11,0,0.9166666666666666,0.0,17.727272727272727,2.0140005826978893,True,False
LMO7,Group II (Expression only),LMO7_Vehicle,55.0,12,11,0,0.9166666666666666,0.0,17.363636363636363,2.1031263623158183,True,False
LMO7,Group II (Expression only),LMO7_Vehicle,60.0,12,11,0,0.9166666666666666,0.0,17.727272727272727,2.2526384897025213,True,False
LMO7,Group II (Expression only),LMO7_Vehicle,65.0,12,11,0,0.9166666666666666,0.0,16.818181818181817,2.2555716139784,True,False
LMO7,Group II (Expression only),LMO7_Vehicle,70.0,12,11,0,0.9166666666666666,0.0,15.545454545454545,1.946388900519656,True,False
LMO7,Group II (Expression only),LMO7_Vehicle,75.0,12,11,0,0.9166666666666666,0.0,15.090909090909092,2.0425231519976172,True,False
LMO7,Group II (Expression only),LMO7_Vehicle,80.0,12,11,0,0.9166666666666666,0.0,13.0,1.7320508075688774,True,False
LMO7,Group II (Expression only),LMO7_Vehicle,85.0,12,11,0,0.9166666666666666,0.0,11.818181818181818,1.524456277545788,True,False
LMO7,Group II (Expression only),LMO7_Vehicle,90.0,12,11,0,0.9166666666666666,0.0,11.909090909090908,1.5222862319225077,True,False
LMO7,Group II (Expression only),LMO7_Vehicle,95.0,12,11,0,0.9166666666666666,0.0,11.181818181818182,1.693936683469399,True,False
LMO7,Group II (Expression only),LMO7_Vehicle,100.0,12,11,0,0.9166666666666666,0.0,9.909090909090908,1.65394594533275,True,False
LMO7,Group II (Expression only),LMO7_Vehicle,105.0,12,11,0,0.9166666666666666,0.0,9.272727272727273,1.526081786744967,True,False
LMO7,Group II (Expression only),LMO7_Vehicle,110.0,12,11,0,0.9166666666666666,0.0,8.727272727272727,1.6846413650761458,True,False
LMO7,Group II (Expression only),LMO7_Vehicle,115.0,12,11,0,0.9166666666666666,0.0,7.545454545454546,1.5277055663709094,True,False
LMO7,Group II (Expression only),LMO7_Vehicle,120.0,12,10,0,0.8333333333333334,0.0,7.5,1.3763881881375053,True,False
LMO7,Group II (Expression only),LMO7_Vehicle,125.0,12,10,0,0.8333333333333334,0.0,7.3,1.382831234179436,True,False
LMO7,Group II (Expression only),LMO7_Vehicle,130.0,12,10,0,0.8333333333333334,0.0,6.4,1.32664991614216,True,False
LMO7,Group II (Expression only),LMO7_Vehicle,135.0,12,9,0,0.75,0.0,6.444444444444445,1.2484558363469018,True,False
LMO7,Group II (Expression only),LMO7_Vehicle,140.0,12,9,0,0.75,0.0,5.0,1.118033988749895,True,False
LMO7,Group II (Expression only),LMO7_Vehicle,145.0,12,8,0,0.6666666666666666,0.0,5.5,1.239239398064105,True,False
LMO7,Group II (Expression only),LMO7_Vehicle,150.0,12,8,0,0.6666666666666666,0.0,5.0,0.9819805060619657,True,False
LMO7,Group II (Expression only),LMO7_Vehicle,155.0,12,8,0,0.6666666666666666,0.0,4.375,0.8003905296791061,True,False
LMO7,Group II (Expression only),LMO7_Vehicle,160.0,12,8,0,0.6666666666666666,0.0,4.125,0.63912607743476,True,False
LMO7,Group II (Expression only),LMO7_Vehicle,165.0,12,8,0,0.6666666666666666,0.0,4.125,0.63912607743476,True,False
LMO7,Group II (Expression only),LMO7_Vehicle,170.0,12,8,0,0.6666666666666666,0.0,3.875,0.6664806288043401,True,False
LMO7,Group II (Expression only),LMO7_Vehicle,175.0,12,7,0,0.5833333333333334,0.0,3.4285714285714284,0.6116777418411966,True,False
LMO7,Group II (Expression only),LMO7_Vehicle,180.0,12,7,0,0.5833333333333334,0.0,3.4285714285714284,0.6116777418411966,True,False
LMO7,Group II (Expression only),LMO7_Vehicle,185.0,12,6,0,0.5,0.0,3.6666666666666665,0.4944132324730442,True,False
LMO7,Group II (Expression only),LMO7_Vehicle,190.0,12,6,0,0.5,0.0,3.3333333333333335,0.4944132324730442,True,False
LMO7,Group II (Expression only),LMO7_Vehicle,195.0,12,6,0,0.5,0.0,3.0,0.6324555320336759,True,False
LMO7,Group II (Expression only),LMO7_Vehicle,200.0,12,5,0,0.4166666666666667,0.0,3.6,0.6782329983125268,False,False
LMO7,Group II (Expression only),LMO7_Vehicle,205.0,12,5,0,0.4166666666666667,0.0,3.2,0.8602325267042626,False,False
LMO7,Group II (Expression only),LMO7_Vehicle,210.0,12,5,0,0.4166666666666667,0.0,3.0,0.8944271909999159,False,False
LMO7,Group II (Expression only),LMO7_Vehicle,215.0,12,4,0,0.3333333333333333,0.0,3.0,0.7071067811865476,False,False
LMO7,Group II (Expression only),LMO7_Vehicle,220.0,12,4,0,0.3333333333333333,0.0,2.75,0.6291528696058958,False,False
LMO7,Group II (Expression only),LMO7_Vehicle,225.0,12,4,0,0.3333333333333333,0.0,2.75,0.6291528696058958,False,False
LMO7,Group II (Expression only),LMO7_Vehicle,230.0,12,4,0,0.3333333333333333,0.0,2.5,0.6454972243679028,False,False
LMO7,Group II (Expression only),LMO7_Vehicle,235.0,12,4,0,0.3333333333333333,0.0,2.5,0.6454972243679028,False,False
LMO7,Group II (Expression only),LMO7_Vehicle,240.0,12,4,0,0.3333333333333333,0.0,2.25,0.6291528696058958,False,False
LMO7,Group II (Expression only),LMO7_Vehicle,245.0,12,4,0,0.3333333333333333,0.0,2.0,0.408248290463863,False,False
LMO7,Group II (Expression only),LMO7_Vehicle,250.0,12,3,0,0.25,0.0,2.0,0.5773502691896257,False,False
LMO7,Group II (Expression only),LMO7_Vehicle,255.0,12,2,0,0.16666666666666666,0.0,2.0,1.0,False,False
LMO7,Group II (Expression only),LMO7_Vehicle,260.0,12,1,0,0.08333333333333333,0.0,1.0,0.0,False,False
LMO7,Group II (Expression only),LMO7_Vehicle,265.0,12,1,0,0.08333333333333333,0.0,1.0,0.0,False,False
LMO7,Group II (Expression only),LMO7_Vehicle,270.0,12,1,0,0.08333333333333333,0.0,2.0,0.0,False,False
LMO7,Group III (Effector only),None_hCTZ,0.0,12,12,3,1.0,0.25,2.0833333333333335,0.6087534871200394,True,False
LMO7,Group III (Effector only),None_hCTZ,5.0,12,12,0,1.0,0.0,5.166666666666667,0.7159792333764036,True,False
LMO7,Group III (Effector only),None_hCTZ,10.0,12,12,0,1.0,0.0,7.083333333333333,0.4515685345704917,True,False
LMO7,Group III (Effector only),None_hCTZ,15.0,12,12,0,1.0,0.0,8.083333333333334,0.9649802426406815,True,False
LMO7,Group III (Effector only),None_hCTZ,20.0,12,12,0,1.0,0.0,8.166666666666666,0.7159792333764036,True,False
LMO7,Group III (Effector only),None_hCTZ,25.0,12,12,0,1.0,0.0,9.0,0.685344416842342,True,False
LMO7,Group III (Effector only),None_hCTZ,30.0,12,12,0,1.0,0.0,10.75,1.0159709492386924,True,False
LMO7,Group III (Effector only),None_hCTZ,35.0,12,12,0,1.0,0.0,10.5,0.9574271077563381,True,False
LMO7,Group III (Effector only),None_hCTZ,40.0,12,12,0,1.0,0.0,11.75,1.472603343083468,True,False
LMO7,Group III (Effector only),None_hCTZ,45.0,12,12,0,1.0,0.0,11.25,1.2439246298906075,True,False
LMO7,Group III (Effector only),None_hCTZ,50.0,12,12,0,1.0,0.0,11.75,1.3768926368215257,True,False
LMO7,Group III (Effector only),None_hCTZ,55.0,12,12,0,1.0,0.0,15.166666666666666,3.002103639554481,True,False
LMO7,Group III (Effector only),None_hCTZ,60.0,12,12,0,1.0,0.0,12.833333333333334,1.700415873077566,True,False
LMO7,Group III (Effector only),None_hCTZ,65.0,12,12,0,1.0,0.0,13.333333333333334,1.9475444264327564,True,False
LMO7,Group III (Effector only),None_hCTZ,70.0,12,12,0,1.0,0.0,13.166666666666666,2.1027879521523736,True,False
LMO7,Group III (Effector only),None_hCTZ,75.0,12,12,0,1.0,0.0,12.666666666666666,1.72034762754391,True,False
LMO7,Group III (Effector only),None_hCTZ,80.0,12,12,0,1.0,0.0,13.583333333333334,1.742770057909957,True,False
LMO7,Group III (Effector only),None_hCTZ,85.0,12,12,0,1.0,0.0,13.166666666666666,1.6959547830831536,True,False
LMO7,Group III (Effector only),None_hCTZ,90.0,12,12,0,1.0,0.0,12.916666666666666,1.689801554304319,True,False
LMO7,Group III (Effector only),None_hCTZ,95.0,12,12,0,1.0,0.0,12.833333333333334,1.6959547830831534,True,False
LMO7,Group III (Effector only),None_hCTZ,100.0,12,12,0,1.0,0.0,12.25,1.4202272545425447,True,False
LMO7,Group III (Effector only),None_hCTZ,105.0,12,12,0,1.0,0.0,12.166666666666666,1.369767362095705,True,False
LMO7,Group III (Effector only),None_hCTZ,110.0,12,12,0,1.0,0.0,12.0,1.4668044012461754,True,False
LMO7,Group III (Effector only),None_hCTZ,115.0,12,12,0,1.0,0.0,11.416666666666666,1.2936812246883351,True,False
LMO7,Group III (Effector only),None_hCTZ,120.0,12,12,0,1.0,0.0,10.75,1.2068303086761594,True,False
LMO7,Group III (Effector only),None_hCTZ,125.0,12,12,0,1.0,0.0,10.166666666666666,1.1202903664008297,True,False
LMO7,Group III (Effector only),None_hCTZ,130.0,12,12,0,1.0,0.0,9.833333333333334,0.9834488889473195,True,False
LMO7,Group III (Effector only),None_hCTZ,135.0,12,12,0,1.0,0.0,9.916666666666666,1.0258649959419563,True,False
LMO7,Group III (Effector only),None_hCTZ,140.0,12,12,0,1.0,0.0,8.916666666666666,0.7012794944192574,True,False
LMO7,Group III (Effector only),None_hCTZ,145.0,12,12,0,1.0,0.0,8.833333333333334,0.8862017464175611,True,False
LMO7,Group III (Effector only),None_hCTZ,150.0,12,12,0,1.0,0.0,9.0,1.02247471629109,True,False
LMO7,Group III (Effector only),None_hCTZ,155.0,12,12,0,1.0,0.0,9.083333333333334,0.9491490074713445,True,False
LMO7,Group III (Effector only),None_hCTZ,160.0,12,12,0,1.0,0.0,9.333333333333334,1.4633571475938951,True,False
LMO7,Group III (Effector only),None_hCTZ,165.0,12,12,0,1.0,0.0,8.25,1.2378194414764092,True,False
LMO7,Group III (Effector only),None_hCTZ,170.0,12,12,0,1.0,0.0,7.5,0.9087120422650815,True,False
LMO7,Group III (Effector only),None_hCTZ,175.0,12,12,0,1.0,0.0,7.0,0.9692233691951195,True,False
LMO7,Group III (Effector only),None_hCTZ,180.0,12,12,0,1.0,0.0,6.583333333333333,1.0109876159458926,True,False
LMO7,Group III (Effector only),None_hCTZ,185.0,12,11,0,0.9166666666666666,0.0,6.818181818181818,0.9983457391485342,True,False
LMO7,Group III (Effector only),None_hCTZ,190.0,12,11,0,0.9166666666666666,0.0,6.363636363636363,1.1059568236905855,True,False
LMO7,Group III (Effector only),None_hCTZ,195.0,12,11,0,0.9166666666666666,0.0,5.818181818181818,0.9612319918462766,True,False
LMO7,Group III (Effector only),None_hCTZ,200.0,12,11,0,0.9166666666666666,0.0,5.909090909090909,0.9858503063073425,True,False
LMO7,Group III (Effector only),None_hCTZ,205.0,12,11,0,0.9166666666666666,0.0,5.545454545454546,0.8776377008107035,True,False
LMO7,Group III (Effector only),None_hCTZ,210.0,12,11,0,0.9166666666666666,0.0,4.636363636363637,0.9072709054454289,True,False
LMO7,Group III (Effector only),None_hCTZ,215.0,12,10,0,0.8333333333333334,0.0,4.9,0.9243616415908031,True,False
LMO7,Group III (Effector only),None_hCTZ,220.0,12,10,0,0.8333333333333334,0.0,4.5,1.02469507659596,True,False
LMO7,Group III (Effector only),None_hCTZ,225.0,12,10,0,0.8333333333333334,0.0,4.1,0.9938701010583716,True,False
LMO7,Group III (Effector only),None_hCTZ,230.0,12,10,0,0.8333333333333334,0.0,3.7,1.054619467970425,True,False
LMO7,Group III (Effector only),None_hCTZ,235.0,12,10,0,0.8333333333333334,0.0,4.2,1.4892205269125784,True,False
LMO7,Group III (Effector only),None_hCTZ,240.0,12,9,0,0.75,0.0,4.222222222222222,1.1992796191623836,True,False
LMO7,Group III (Effector only),None_hCTZ,245.0,12,9,0,0.75,0.0,3.6666666666666665,1.118033988749895,True,False
LMO7,Group III (Effector only),None_hCTZ,250.0,12,8,0,0.6666666666666666,0.0,3.75,1.0978875820671,True,False
LMO7,Group III (Effector only),None_hCTZ,255.0,12,8,0,0.6666666666666666,0.0,4.125,1.4812820219564633,True,False
LMO7,Group III (Effector only),None_hCTZ,260.0,12,8,0,0.6666666666666666,0.0,3.375,1.0340195494145303,True,False
LMO7,Group III (Effector only),None_hCTZ,265.0,12,8,0,0.6666666666666666,0.0,4.0,1.2535663410560174,True,False
LMO7,Group III (Effector only),None_hCTZ,270.0,12,8,0,0.6666666666666666,0.0,3.125,1.1716517644517321,True,False
LMO7,Group III (Effector only),None_hCTZ,275.0,12,8,0,0.6666666666666666,0.0,2.75,0.674801558131828,True,False
LMO7,Group III (Effector only),None_hCTZ,280.0,12,7,0,0.5833333333333334,0.0,4.0,1.558387444947959,True,False
LMO7,Group III (Effector only),None_hCTZ,285.0,12,6,0,0.5,0.0,3.1666666666666665,0.9803627446568495,True,False
LMO7,Group III (Effector only),None_hCTZ,290.0,12,6,0,0.5,0.0,2.6666666666666665,0.9189365834726815,True,False
LMO7,Group III (Effector only),None_hCTZ,295.0,12,6,0,0.5,0.0,2.5,0.9219544457292888,True,False
LMO7,Group III (Effector only),None_hCTZ,300.0,12,6,0,0.5,0.0,2.6666666666666665,0.7149203529842405,True,False
LMO7,Group III (Effector only),None_hCTZ,305.0,12,6,0,0.5,0.0,2.1666666666666665,0.4772607021092118,True,False
LMO7,Group III (Effector only),None_hCTZ,310.0,12,6,0,0.5,0.0,2.0,0.4472135954999579,True,False
LMO7,Group III (Effector only),None_hCTZ,315.0,12,5,0,0.4166666666666667,0.0,2.0,0.5477225575051661,False,False
LMO7,Group III (Effector only),None_hCTZ,320.0,12,5,0,0.4166666666666667,0.0,2.4,1.16619037896906,False,False
LMO7,Group III (Effector only),None_hCTZ,325.0,12,5,0,0.4166666666666667,0.0,1.8,0.58309518948453,False,False
LMO7,Group III (Effector only),None_hCTZ,330.0,12,5,0,0.4166666666666667,0.0,1.8,0.58309518948453,False,False
LMO7,Group III (Effector only),None_hCTZ,335.0,12,5,0,0.4166666666666667,0.0,1.4,0.2449489742783178,False,False
LMO7,Group III (Effector only),None_hCTZ,340.0,12,5,0,0.4166666666666667,0.0,1.2,0.2,False,False
LMO7,Group III (Effector only),None_hCTZ,345.0,12,5,0,0.4166666666666667,0.0,1.2,0.2,False,False
LMO7,Group III (Effector only),None_hCTZ,350.0,12,5,0,0.4166666666666667,0.0,1.0,0.0,False,False
LMO7,Group III (Effector only),None_hCTZ,355.0,12,5,0,0.4166666666666667,0.0,1.2,0.2,False,False
LMO7,Group III (Effector only),None_hCTZ,360.0,12,5,0,0.4166666666666667,0.0,1.8,0.7999999999999999,False,False
LMO7,Group III (Effector only),None_hCTZ,365.0,12,3,0,0.25,0.0,2.0,1.0,False,False
LMO7,Group III (Effector only),None_hCTZ,370.0,12,3,0,0.25,0.0,2.0,1.0,False,False
LMO7,Group III (Effector only),None_hCTZ,375.0,12,3,0,0.25,0.0,1.6666666666666667,0.6666666666666667,False,False
LMO7,Group III (Effector only),None_hCTZ,380.0,12,3,0,0.25,0.0,1.6666666666666667,0.6666666666666667,False,False
LMO7,Group III (Effector only),None_hCTZ,385.0,12,3,0,0.25,0.0,1.6666666666666667,0.6666666666666667,False,False
LMO7,Group III (Effector only),None_hCTZ,390.0,12,3,0,0.25,0.0,1.6666666666666667,0.6666666666666667,False,False
LMO7,Group III (Effector only),None_hCTZ,395.0,12,3,0,0.25,0.0,1.6666666666666667,0.6666666666666667,False,False
LMO7,Group III (Effector only),None_hCTZ,400.0,12,3,0,0.25,0.0,1.0,0.0,False,False
LMO7,Group III (Effector only),None_hCTZ,405.0,12,3,0,0.25,0.0,1.0,0.0,False,False
LMO7,Group III (Effector only),None_hCTZ,410.0,12,2,0,0.16666666666666666,0.0,1.0,0.0,False,False
LMO7,Group III (Effector only),None_hCTZ,415.0,12,2,0,0.16666666666666666,0.0,1.0,0.0,False,False
LMO7,Group III (Effector only),None_hCTZ,420.0,12,2,0,0.16666666666666666,0.0,1.0,0.0,False,False
LMO7,Group III (Effector only),None_hCTZ,425.0,12,1,0,0.08333333333333333,0.0,1.0,0.0,False,False
PSAM,Group I (Activation),PSAM_uPSEM,10.0,12,8,0,0.6666666666666666,0.0,1.375,0.26305214040457564,True,False
PSAM,Group I (Activation),PSAM_uPSEM,15.0,12,11,0,0.9166666666666666,0.0,4.636363636363637,0.6643209420525494,True,False
PSAM,Group I (Activation),PSAM_uPSEM,20.0,12,12,0,1.0,0.0,6.75,0.7190587281616534,True,False
PSAM,Group I (Activation),PSAM_uPSEM,25.0,12,12,0,1.0,0.0,7.333333333333333,0.8468599159080072,True,False
PSAM,Group I (Activation),PSAM_uPSEM,30.0,12,12,0,1.0,0.0,7.583333333333333,0.8020648856595587,True,False
PSAM,Group I (Activation),PSAM_uPSEM,35.0,12,12,0,1.0,0.0,7.666666666666667,0.8904657730251585,True,False
PSAM,Group I (Activation),PSAM_uPSEM,40.0,12,12,0,1.0,0.0,7.833333333333333,0.927960727138337,True,False
PSAM,Group I (Activation),PSAM_uPSEM,45.0,12,12,0,1.0,0.0,8.0,0.9613752775282004,True,False
PSAM,Group I (Activation),PSAM_uPSEM,50.0,12,12,0,1.0,0.0,8.166666666666666,1.064818474594794,True,False
PSAM,Group I (Activation),PSAM_uPSEM,55.0,12,12,0,1.0,0.0,8.166666666666666,1.0137937550497031,True,False
PSAM,Group I (Activation),PSAM_uPSEM,60.0,12,12,0,1.0,0.0,7.75,1.0009465217452624,True,False
PSAM,Group I (Activation),PSAM_uPSEM,65.0,12,12,0,1.0,0.0,7.75,1.0597669841083277,True,False
PSAM,Group I (Activation),PSAM_uPSEM,70.0,12,12,0,1.0,0.0,8.25,1.6196005867515795,True,False
PSAM,Group I (Activation),PSAM_uPSEM,75.0,12,12,0,1.0,0.0,7.083333333333333,0.8656608382436431,True,False
PSAM,Group I (Activation),PSAM_uPSEM,80.0,12,12,0,1.0,0.0,6.75,0.9623597890790968,True,False
PSAM,Group I (Activation),PSAM_uPSEM,85.0,12,12,0,1.0,0.0,6.666666666666667,0.915633026044735,True,False
PSAM,Group I (Activation),PSAM_uPSEM,90.0,12,12,0,1.0,0.0,6.25,0.7797143999276566,True,False
PSAM,Group I (Activation),PSAM_uPSEM,95.0,12,12,0,1.0,0.0,6.083333333333333,0.8114552334907922,True,False
PSAM,Group I (Activation),PSAM_uPSEM,100.0,12,12,0,1.0,0.0,6.083333333333333,0.8114552334907922,True,False
PSAM,Group I (Activation),PSAM_uPSEM,105.0,12,12,0,1.0,0.0,5.75,0.7295183134760702,True,False
PSAM,Group I (Activation),PSAM_uPSEM,110.0,12,12,0,1.0,0.0,5.416666666666667,0.6680856111595158,True,False
PSAM,Group I (Activation),PSAM_uPSEM,115.0,12,12,0,1.0,0.0,5.166666666666667,0.5751591786697668,True,False
PSAM,Group I (Activation),PSAM_uPSEM,120.0,12,12,0,1.0,0.0,5.0,0.5504818825631803,True,False
PSAM,Group I (Activation),PSAM_uPSEM,125.0,12,12,0,1.0,0.0,4.833333333333333,0.4740753893079399,True,False
PSAM,Group I (Activation),PSAM_uPSEM,130.0,12,12,0,1.0,0.0,4.666666666666667,0.4494665749754947,True,False
PSAM,Group I (Activation),PSAM_uPSEM,135.0,12,12,0,1.0,0.0,5.166666666666667,0.8947094782693713,True,False
PSAM,Group I (Activation),PSAM_uPSEM,140.0,12,12,0,1.0,0.0,4.25,0.47871355387816905,True,False
PSAM,Group I (Activation),PSAM_uPSEM,145.0,12,12,0,1.0,0.0,4.416666666666667,0.5288399731220373,True,False
PSAM,Group I (Activation),PSAM_uPSEM,150.0,12,12,0,1.0,0.0,4.166666666666667,0.4051436956703314,True,False
PSAM,Group I (Activation),PSAM_uPSEM,155.0,12,12,0,1.0,0.0,4.333333333333333,0.5270462766947298,True,False
PSAM,Group I (Activation),PSAM_uPSEM,160.0,12,12,0,1.0,0.0,4.0,0.408248290463863,True,False
PSAM,Group I (Activation),PSAM_uPSEM,165.0,12,12,0,1.0,0.0,3.8333333333333335,0.38599209705627263,True,False
PSAM,Group I (Activation),PSAM_uPSEM,170.0,12,12,0,1.0,0.0,4.0,0.4438126822992972,True,False
PSAM,Group I (Activation),PSAM_uPSEM,175.0,12,12,0,1.0,0.0,4.0,0.6628679652796169,True,False
PSAM,Group I (Activation),PSAM_uPSEM,180.0,12,12,0,1.0,0.0,3.6666666666666665,0.5270462766947298,True,False
PSAM,Group I (Activation),PSAM_uPSEM,185.0,12,12,0,1.0,0.0,3.8333333333333335,0.7470480627649121,True,False
PSAM,Group I (Activation),PSAM_uPSEM,190.0,12,11,0,0.9166666666666666,0.0,3.3636363636363638,0.3878314365036644,True,False
PSAM,Group I (Activation),PSAM_uPSEM,195.0,12,11,0,0.9166666666666666,0.0,3.0,0.3813850356982369,True,False
PSAM,Group I (Activation),PSAM_uPSEM,200.0,12,11,0,0.9166666666666666,0.0,2.8181818181818183,0.35208939510976517,True,False
PSAM,Group I (Activation),PSAM_uPSEM,205.0,12,11,0,0.9166666666666666,0.0,2.5454545454545454,0.3899565561732221,True,False
PSAM,Group I (Activation),PSAM_uPSEM,210.0,12,11,0,0.9166666666666666,0.0,2.4545454545454546,0.3899565561732221,True,False
PSAM,Group I (Activation),PSAM_uPSEM,215.0,12,11,0,0.9166666666666666,0.0,3.0,0.6324555320336759,True,False
PSAM,Group I (Activation),PSAM_uPSEM,220.0,12,10,0,0.8333333333333334,0.0,2.5,0.3415650255319866,True,False
PSAM,Group I (Activation),PSAM_uPSEM,225.0,12,10,0,0.8333333333333334,0.0,2.0,0.2981423969999719,True,False
PSAM,Group I (Activation),PSAM_uPSEM,230.0,12,10,0,0.8333333333333334,0.0,2.0,0.2981423969999719,True,False
PSAM,Group I (Activation),PSAM_uPSEM,235.0,12,10,0,0.8333333333333334,0.0,1.8,0.3265986323710904,True,False
PSAM,Group I (Activation),PSAM_uPSEM,240.0,12,10,0,0.8333333333333334,0.0,1.7,0.2603416558635551,True,False
PSAM,Group I (Activation),PSAM_uPSEM,245.0,12,9,0,0.75,0.0,1.5555555555555556,0.2939723678960656,True,False
PSAM,Group I (Activation),PSAM_uPSEM,250.0,12,7,0,0.5833333333333334,0.0,1.5714285714285714,0.29738085706659034,True,False
PSAM,Group I (Activation),PSAM_uPSEM,255.0,12,7,0,0.5833333333333334,0.0,1.4285714285714286,0.20203050891044216,True,False
PSAM,Group I (Activation),PSAM_uPSEM,260.0,12,6,0,0.5,0.0,2.1666666666666665,0.7923242882669808,True,False
PSAM,Group I (Activation),PSAM_uPSEM,265.0,12,5,0,0.4166666666666667,0.0,1.2,0.2,False,False
PSAM,Group I (Activation),PSAM_uPSEM,270.0,12,5,0,0.4166666666666667,0.0,1.6,0.4,False,False
PSAM,Group I (Activation),PSAM_uPSEM,275.0,12,4,0,0.3333333333333333,0.0,1.0,0.0,False,False
PSAM,Group I (Activation),PSAM_uPSEM,280.0,12,3,0,0.25,0.0,1.0,0.0,False,False
PSAM,Group I (Activation),PSAM_uPSEM,285.0,12,3,0,0.25,0.0,1.0,0.0,False,False
PSAM,Group I (Activation),PSAM_uPSEM,290.0,12,3,0,0.25,0.0,1.0,0.0,False,False
PSAM,Group I (Activation),PSAM_uPSEM,295.0,12,2,0,0.16666666666666666,0.0,1.0,0.0,False,False
PSAM,Group I (Activation),PSAM_uPSEM,300.0,12,2,0,0.16666666666666666,0.0,1.0,0.0,False,False
PSAM,Group I (Activation),PSAM_uPSEM,305.0,12,2,0,0.16666666666666666,0.0,1.0,0.0,False,False
PSAM,Group I (Activation),PSAM_uPSEM,310.0,12,1,0,0.08333333333333333,0.0,1.0,0.0,False,False
PSAM,Group I (Activation),PSAM_uPSEM,315.0,12,1,0,0.08333333333333333,0.0,1.0,0.0,False,False
PSAM,Group I (Activation),PSAM_uPSEM,320.0,12,1,0,0.08333333333333333,0.0,1.0,0.0,False,False
PSAM,Group I (Activation),PSAM_uPSEM,325.0,12,1,0,0.08333333333333333,0.0,1.0,0.0,False,False
PSAM,Group I (Activation),PSAM_uPSEM,330.0,12,1,0,0.08333333333333333,0.0,1.0,0.0,False,False
PSAM,Group I (Activation),PSAM_uPSEM,335.0,12,1,0,0.08333333333333333,0.0,1.0,0.0,False,False
PSAM,Group I (Activation),PSAM_uPSEM,340.0,12,1,0,0.08333333333333333,0.0,1.0,0.0,False,False
PSAM,Group I (Activation),PSAM_uPSEM,345.0,12,1,0,0.08333333333333333,0.0,1.0,0.0,False,False
PSAM,Group I (Activation),PSAM_uPSEM,350.0,12,1,0,0.08333333333333333,0.0,1.0,0.0,False,False
PSAM,Group I (Activation),PSAM_uPSEM,355.0,12,1,0,0.08333333333333333,0.0,1.0,0.0,False,False
PSAM,Group I (Activation),PSAM_uPSEM,360.0,12,1,0,0.08333333333333333,0.0,1.0,0.0,False,False
PSAM,Group I (Activation),PSAM_uPSEM,365.0,12,1,0,0.08333333333333333,0.0,1.0,0.0,False,False
PSAM,Group I (Activation),PSAM_uPSEM,370.0,12,1,0,0.08333333333333333,0.0,1.0,0.0,False,False
PSAM,Group I (Activation),PSAM_uPSEM,375.0,12,1,0,0.08333333333333333,0.0,1.0,0.0,False,False
PSAM,Group I (Activation),PSAM_uPSEM,380.0,12,1,0,0.08333333333333333,0.0,1.0,0.0,False,False
PSAM,Group II (Expression only),PSAM_Vehicle,10.0,12,3,0,0.25,0.0,1.6666666666666667,0.3333333333333333,False,False
PSAM,Group II (Expression only),PSAM_Vehicle,15.0,12,7,0,0.5833333333333334,0.0,3.4285714285714284,0.36885555678165877,True,False
PSAM,Group II (Expression only),PSAM_Vehicle,20.0,12,10,0,0.8333333333333334,0.0,5.4,0.7916228058025279,True,False
PSAM,Group II (Expression only),PSAM_Vehicle,25.0,12,10,0,0.8333333333333334,0.0,6.3,0.9195409482755815,True,False
PSAM,Group II (Expression only),PSAM_Vehicle,30.0,12,10,0,0.8333333333333334,0.0,6.7,0.8698658900466593,True,False
PSAM,Group II (Expression only),PSAM_Vehicle,35.0,12,10,0,0.8333333333333334,0.0,7.1,0.9938701010583716,True,False
PSAM,Group II (Expression only),PSAM_Vehicle,40.0,12,10,0,0.8333333333333334,0.0,7.4,0.9797958971132713,True,False
PSAM,Group II (Expression only),PSAM_Vehicle,45.0,12,10,0,0.8333333333333334,0.0,7.5,1.0246950765959597,True,False
PSAM,Group II (Expression only),PSAM_Vehicle,50.0,12,10,0,0.8333333333333334,0.0,7.6,1.024152766382481,True,False
PSAM,Group II (Expression only),PSAM_Vehicle,55.0,12,10,0,0.8333333333333334,0.0,7.5,0.9457507306074072,True,False
PSAM,Group II (Expression only),PSAM_Vehicle,60.0,12,10,0,0.8333333333333334,0.0,7.4,0.9451631252505217,True,False
PSAM,Group II (Expression only),PSAM_Vehicle,65.0,12,10,0,0.8333333333333334,0.0,7.2,0.8406346808612327,True,False
PSAM,Group II (Expression only),PSAM_Vehicle,70.0,12,10,0,0.8333333333333334,0.0,7.1,0.7951240294584375,True,False
PSAM,Group II (Expression only),PSAM_Vehicle,75.0,12,10,0,0.8333333333333334,0.0,6.9,0.7371114795831993,True,False
PSAM,Group II (Expression only),PSAM_Vehicle,80.0,12,10,0,0.8333333333333334,0.0,7.0,0.7302967433402214,True,False
PSAM,Group II (Expression only),PSAM_Vehicle,85.0,12,10,0,0.8333333333333334,0.0,7.3,0.856997342145496,True,False
PSAM,Group II (Expression only),PSAM_Vehicle,90.0,12,10,0,0.8333333333333334,0.0,6.5,0.5821416398857661,True,False
PSAM,Group II (Expression only),PSAM_Vehicle,95.0,12,10,0,0.8333333333333334,0.0,6.1,0.5666666666666665,True,False
PSAM,Group II (Expression only),PSAM_Vehicle,100.0,12,10,0,0.8333333333333334,0.0,6.0,0.6146362971528592,True,False
PSAM,Group II (Expression only),PSAM_Vehicle,105.0,12,10,0,0.8333333333333334,0.0,5.8,0.5925462944877059,True,False
PSAM,Group II (Expression only),PSAM_Vehicle,110.0,12,10,0,0.8333333333333334,0.0,5.7,0.5587684871413404,True,False
PSAM,Group II (Expression only),PSAM_Vehicle,115.0,12,10,0,0.8333333333333334,0.0,5.5,0.4772607021092118,True,False
PSAM,Group II (Expression only),PSAM_Vehicle,120.0,12,10,0,0.8333333333333334,0.0,5.4,0.47609522856952335,True,False
PSAM,Group II (Expression only),PSAM_Vehicle,125.0,12,10,0,0.8333333333333334,0.0,5.2,0.48989794855663565,True,False
PSAM,Group II (Expression only),PSAM_Vehicle,130.0,12,10,0,0.8333333333333334,0.0,5.2,0.5734883511361751,True,False
PSAM,Group II (Expression only),PSAM_Vehicle,135.0,12,10,0,0.8333333333333334,0.0,5.2,0.5333333333333333,True,False
PSAM,Group II (Expression only),PSAM_Vehicle,140.0,12,10,0,0.8333333333333334,0.0,4.7,0.5174724898753341,True,False
PSAM,Group II (Expression only),PSAM_Vehicle,145.0,12,10,0,0.8333333333333334,0.0,4.7,0.5174724898753341,True,False
PSAM,Group II (Expression only),PSAM_Vehicle,150.0,12,10,0,0.8333333333333334,0.0,4.6,0.5206833117271102,True,False
PSAM,Group II (Expression only),PSAM_Vehicle,155.0,12,10,0,0.8333333333333334,0.0,4.5,0.6009252125773317,True,False
PSAM,Group II (Expression only),PSAM_Vehicle,160.0,12,10,0,0.8333333333333334,0.0,4.5,0.5821416398857661,True,False
PSAM,Group II (Expression only),PSAM_Vehicle,165.0,12,9,0,0.75,0.0,4.777777777777778,0.49378857873975496,True,False
PSAM,Group II (Expression only),PSAM_Vehicle,170.0,12,9,0,0.75,0.0,4.666666666666667,0.40824829046386296,True,False
PSAM,Group II (Expression only),PSAM_Vehicle,175.0,12,9,0,0.75,0.0,4.333333333333333,0.4714045207910317,True,False
PSAM,Group II (Expression only),PSAM_Vehicle,180.0,12,9,0,0.75,0.0,4.444444444444445,0.4444444444444444,True,False
PSAM,Group II (Expression only),PSAM_Vehicle,185.0,12,9,0,0.75,0.0,4.0,0.408248290463863,True,False
PSAM,Group II (Expression only),PSAM_Vehicle,190.0,12,9,0,0.75,0.0,4.0,0.408248290463863,True,False
PSAM,Group II (Expression only),PSAM_Vehicle,195.0,12,9,0,0.75,0.0,4.0,0.44095855184409843,True,False
PSAM,Group II (Expression only),PSAM_Vehicle,200.0,12,9,0,0.75,0.0,3.888888888888889,0.48432210483785265,True,False
PSAM,Group II (Expression only),PSAM_Vehicle,205.0,12,9,0,0.75,0.0,3.7777777777777777,0.4339027597725919,True,False
PSAM,Group II (Expression only),PSAM_Vehicle,210.0,12,9,0,0.75,0.0,3.7777777777777777,0.4339027597725919,True,False
PSAM,Group II (Expression only),PSAM_Vehicle,215.0,12,9,0,0.75,0.0,3.3333333333333335,0.408248290463863,True,False
PSAM,Group II (Expression only),PSAM_Vehicle,220.0,12,9,0,0.75,0.0,3.111111111111111,0.3888888888888889,True,False
PSAM,Group II (Expression only),PSAM_Vehicle,225.0,12,9,0,0.75,0.0,2.6666666666666665,0.4714045207910317,True,False
PSAM,Group II (Expression only),PSAM_Vehicle,230.0,12,9,0,0.75,0.0,2.5555555555555554,0.5030769521187454,True,False
PSAM,Group II (Expression only),PSAM_Vehicle,235.0,12,9,0,0.75,0.0,2.5555555555555554,0.5030769521187454,True,False
PSAM,Group II (Expression only),PSAM_Vehicle,240.0,12,8,0,0.6666666666666666,0.0,2.625,0.46049274850812955,True,False
PSAM,Group II (Expression only),PSAM_Vehicle,245.0,12,8,0,0.6666666666666666,0.0,2.5,0.46291004988627577,True,False
PSAM,Group II (Expression only),PSAM_Vehicle,250.0,12,8,0,0.6666666666666666,0.0,2.5,0.46291004988627577,True,False
PSAM,Group II (Expression only),PSAM_Vehicle,255.0,12,8,0,0.6666666666666666,0.0,2.5,0.46291004988627577,True,False
PSAM,Group II (Expression only),PSAM_Vehicle,260.0,12,8,0,0.6666666666666666,0.0,2.375,0.41992771486803027,True,False
PSAM,Group II (Expression only),PSAM_Vehicle,265.0,12,8,0,0.6666666666666666,0.0,2.125,0.479490056503484,True,False
PSAM,Group II (Expression only),PSAM_Vehicle,270.0,12,8,0,0.6666666666666666,0.0,2.125,0.479490056503484,True,False
PSAM,Group II (Expression only),PSAM_Vehicle,275.0,12,7,0,0.5833333333333334,0.0,2.2857142857142856,0.521640530957301,True,False
PSAM,Group II (Expression only),PSAM_Vehicle,280.0,12,7,0,0.5833333333333334,0.0,2.2857142857142856,0.521640530957301,True,False
PSAM,Group II (Expression only),PSAM_Vehicle,285.0,12,7,0,0.5833333333333334,0.0,2.142857142857143,0.5084322977157767,True,False
PSAM,Group II (Expression only),PSAM_Vehicle,290.0,12,6,0,0.5,0.0,2.3333333333333335,0.557773351022717,True,False
PSAM,Group II (Expression only),PSAM_Vehicle,295.0,12,6,0,0.5,0.0,2.1666666666666665,0.4772607021092118,True,False
PSAM,Group II (Expression only),PSAM_Vehicle,300.0,12,6,0,0.5,0.0,2.0,0.3651483716701107,True,False
PSAM,Group II (Expression only),PSAM_Vehicle,305.0,12,4,0,0.3333333333333333,0.0,2.0,0.408248290463863,False,False
PSAM,Group II (Expression only),PSAM_Vehicle,310.0,12,4,0,0.3333333333333333,0.0,2.0,0.408248290463863,False,False
PSAM,Group II (Expression only),PSAM_Vehicle,315.0,12,4,0,0.3333333333333333,0.0,2.0,0.408248290463863,False,False
PSAM,Group II (Expression only),PSAM_Vehicle,320.0,12,4,0,0.3333333333333333,0.0,2.0,0.408248290463863,False,False
PSAM,Group II (Expression only),PSAM_Vehicle,325.0,12,4,0,0.3333333333333333,0.0,2.0,0.408248290463863,False,False
PSAM,Group II (Expression only),PSAM_Vehicle,330.0,12,4,0,0.3333333333333333,0.0,2.0,0.408248290463863,False,False
PSAM,Group II (Expression only),PSAM_Vehicle,335.0,12,4,0,0.3333333333333333,0.0,2.0,0.408248290463863,False,False
PSAM,Group II (Expression only),PSAM_Vehicle,340.0,12,4,0,0.3333333333333333,0.0,2.0,0.408248290463863,False,False
PSAM,Group II (Expression only),PSAM_Vehicle,345.0,12,4,0,0.3333333333333333,0.0,2.0,0.408248290463863,False,False
PSAM,Group II (Expression only),PSAM_Vehicle,350.0,12,4,0,0.3333333333333333,0.0,1.75,0.25,False,False
PSAM,Group II (Expression only),PSAM_Vehicle,355.0,12,4,0,0.3333333333333333,0.0,1.5,0.28867513459481287,False,False
PSAM,Group II (Expression only),PSAM_Vehicle,360.0,12,4,0,0.3333333333333333,0.0,1.25,0.25,False,False
PSAM,Group II (Expression only),PSAM_Vehicle,365.0,12,3,0,0.25,0.0,1.3333333333333333,0.3333333333333333,False,False
PSAM,Group II (Expression only),PSAM_Vehicle,370.0,12,3,0,0.25,0.0,1.3333333333333333,0.3333333333333333,False,False
PSAM,Group II (Expression only),PSAM_Vehicle,375.0,12,3,0,0.25,0.0,1.6666666666666667,0.6666666666666667,False,False
PSAM,Group II (Expression only),PSAM_Vehicle,380.0,12,1,0,0.08333333333333333,0.0,1.0,0.0,False,False
PSAM,Group II (Expression only),PSAM_Vehicle,385.0,12,1,0,0.08333333333333333,0.0,1.0,0.0,False,False
PSAM,Group II (Expression only),PSAM_Vehicle,390.0,12,1,0,0.08333333333333333,0.0,1.0,0.0,False,False
PSAM,Group II (Expression only),PSAM_Vehicle,395.0,12,1,0,0.08333333333333333,0.0,1.0,0.0,False,False
PSAM,Group III (Effector only),None_uPSEM,5.0,12,9,9,0.75,1.0,0.0,0.0,True,True
PSAM,Group III (Effector only),None_uPSEM,10.0,12,9,1,0.75,0.1111111111111111,3.6666666666666665,0.816496580927726,True,False
PSAM,Group III (Effector only),None_uPSEM,15.0,12,9,0,0.75,0.0,6.222222222222222,1.1027462911821784,True,False
PSAM,Group III (Effector only),None_uPSEM,20.0,12,9,0,0.75,0.0,7.333333333333333,0.9428090415820634,True,False
PSAM,Group III (Effector only),None_uPSEM,25.0,12,9,0,0.75,0.0,8.444444444444445,1.0943175335329005,True,False
PSAM,Group III (Effector only),None_uPSEM,30.0,12,9,0,0.75,0.0,10.333333333333334,1.481365736219265,True,False
PSAM,Group III (Effector only),None_uPSEM,35.0,12,9,0,0.75,0.0,10.88888888888889,1.408746925900663,True,False
PSAM,Group III (Effector only),None_uPSEM,40.0,12,9,0,0.75,0.0,10.666666666666666,1.35400640077266,True,False
PSAM,Group III (Effector only),None_uPSEM,45.0,12,9,0,0.75,0.0,11.555555555555555,1.42508392648674,True,False
PSAM,Group III (Effector only),None_uPSEM,50.0,12,9,0,0.75,0.0,10.666666666666666,1.2692955176439846,True,False
PSAM,Group III (Effector only),None_uPSEM,55.0,12,9,0,0.75,0.0,10.666666666666666,1.0137937550497034,True,False
PSAM,Group III (Effector only),None_uPSEM,60.0,12,9,0,0.75,0.0,10.88888888888889,1.0333930687632373,True,False
PSAM,Group III (Effector only),None_uPSEM,65.0,12,9,0,0.75,0.0,11.222222222222221,1.2335335172874733,True,False
PSAM,Group III (Effector only),None_uPSEM,70.0,12,9,0,0.75,0.0,10.88888888888889,1.147998795542879,True,False
PSAM,Group III (Effector only),None_uPSEM,75.0,12,9,0,0.75,0.0,10.666666666666666,1.1055415967851332,True,False
PSAM,Group III (Effector only),None_uPSEM,80.0,12,9,0,0.75,0.0,10.333333333333334,1.247219128924647,True,False
PSAM,Group III (Effector only),None_uPSEM,85.0,12,9,0,0.75,0.0,9.777777777777779,1.3922182317935186,True,False
PSAM,Group III (Effector only),None_uPSEM,90.0,12,9,0,0.75,0.0,9.333333333333334,1.6158932858054431,True,False
PSAM,Group III (Effector only),None_uPSEM,95.0,12,9,0,0.75,0.0,9.11111111111111,1.7033010796395436,True,False
PSAM,Group III (Effector only),None_uPSEM,100.0,12,9,0,0.75,0.0,7.777777777777778,1.6139821162593277,True,False
PSAM,Group III (Effector only),None_uPSEM,105.0,12,9,0,0.75,0.0,7.444444444444445,1.3754909336822165,True,False
PSAM,Group III (Effector only),None_uPSEM,110.0,12,9,0,0.75,0.0,7.222222222222222,1.4120294474598705,True,False
PSAM,Group III (Effector only),None_uPSEM,115.0,12,9,0,0.75,0.0,6.555555555555555,1.2595315609727373,True,False
PSAM,Group III (Effector only),None_uPSEM,120.0,12,9,0,0.75,0.0,6.666666666666667,1.6666666666666667,True,False
PSAM,Group III (Effector only),None_uPSEM,125.0,12,9,0,0.75,0.0,6.333333333333333,1.8782379449307742,True,False
PSAM,Group III (Effector only),None_uPSEM,130.0,12,9,0,0.75,0.0,5.666666666666667,1.35400640077266,True,False
PSAM,Group III (Effector only),None_uPSEM,135.0,12,9,0,0.75,0.0,5.777777777777778,1.3414107186277373,True,False
PSAM,Group III (Effector only),None_uPSEM,140.0,12,9,0,0.75,0.0,5.666666666666667,1.4624940645653537,True,False
PSAM,Group III (Effector only),None_uPSEM,145.0,12,9,0,0.75,0.0,4.888888888888889,1.2297746456210363,True,False
PSAM,Group III (Effector only),None_uPSEM,150.0,12,9,0,0.75,0.0,4.222222222222222,1.1027462911821782,True,False
PSAM,Group III (Effector only),None_uPSEM,155.0,12,9,0,0.75,0.0,4.0,1.1426091000668406,True,False
PSAM,Group III (Effector only),None_uPSEM,160.0,12,9,0,0.75,0.0,3.7777777777777777,1.2335335172874733,True,False
PSAM,Group III (Effector only),None_uPSEM,165.0,12,9,0,0.75,0.0,3.6666666666666665,1.4337208778404378,True,False
PSAM,Group III (Effector only),None_uPSEM,170.0,12,6,0,0.5,0.0,4.333333333333333,1.7256238807393047,True,False
PSAM,Group III (Effector only),None_uPSEM,175.0,12,6,0,0.5,0.0,4.333333333333333,1.7256238807393047,True,False
PSAM,Group III (Effector only),None_uPSEM,180.0,12,6,0,0.5,0.0,4.166666666666667,1.701306687356646,True,False
PSAM,Group III (Effector only),None_uPSEM,185.0,12,5,0,0.4166666666666667,0.0,4.6,2.2045407685048604,False,False
PSAM,Group III (Effector only),None_uPSEM,190.0,12,4,0,0.3333333333333333,0.0,4.5,2.533114025595111,False,False
PSAM,Group III (Effector only),None_uPSEM,195.0,12,4,0,0.3333333333333333,0.0,3.25,1.6007810593582121,False,False
PSAM,Group III (Effector only),None_uPSEM,200.0,12,4,0,0.3333333333333333,0.0,3.25,1.6007810593582121,False,False
PSAM,Group III (Effector only),None_uPSEM,205.0,12,4,0,0.3333333333333333,0.0,3.25,1.9311050377094114,False,False
PSAM,Group III (Effector only),None_uPSEM,210.0,12,4,0,0.3333333333333333,0.0,2.75,1.75,False,False
PSAM,Group III (Effector only),None_uPSEM,215.0,12,4,0,0.3333333333333333,0.0,2.75,1.75,False,False
PSAM,Group III (Effector only),None_uPSEM,220.0,12,4,0,0.3333333333333333,0.0,2.75,1.75,False,False
PSAM,Group III (Effector only),None_uPSEM,225.0,12,3,0,0.25,0.0,3.3333333333333335,2.333333333333333,False,False
PSAM,Group III (Effector only),None_uPSEM,230.0,12,3,0,0.25,0.0,3.6666666666666665,2.666666666666667,False,False
PSAM,Group III (Effector only),None_uPSEM,235.0,12,3,0,0.25,0.0,3.3333333333333335,2.333333333333333,False,False
PSAM,Group III (Effector only),None_uPSEM,240.0,12,2,0,0.16666666666666666,0.0,4.0,3.0,False,False
PSAM,Group III (Effector only),None_uPSEM,245.0,12,2,0,0.16666666666666666,0.0,3.5,2.5,False,False
PSAM,Group III (Effector only),None_uPSEM,250.0,12,2,0,0.16666666666666666,0.0,3.0,2.0,False,False
PSAM,Group III (Effector only),None_uPSEM,255.0,12,1,0,0.08333333333333333,0.0,5.0,0.0,False,False
PSAM,Group III (Effector only),None_uPSEM,260.0,12,1,0,0.08333333333333333,0.0,5.0,0.0,False,False
PSAM,Group III (Effector only),None_uPSEM,265.0,12,1,0,0.08333333333333333,0.0,5.0,0.0,False,False
PSAM,Group III (Effector only),None_uPSEM,270.0,12,1,0,0.08333333333333333,0.0,7.0,0.0,False,False
PSAM,Group III (Effector only),None_uPSEM,275.0,12,1,0,0.08333333333333333,0.0,8.0,0.0,False,False
PSAM,Group III (Effector only),None_uPSEM,280.0,12,1,0,0.08333333333333333,0.0,5.0,0.0,False,False
PSAM,Group III (Effector only),None_uPSEM,285.0,12,1,0,0.08333333333333333,0.0,6.0,0.0,False,False
PSAM,Group III (Effector only),None_uPSEM,290.0,12,1,0,0.08333333333333333,0.0,4.0,0.0,False,False
PSAM,Group III (Effector only),None_uPSEM,295.0,12,1,0,0.08333333333333333,0.0,4.0,0.0,False,False
PSAM,Group III (Effector only),None_uPSEM,300.0,12,1,0,0.08333333333333333,0.0,4.0,0.0,False,False
PSAM,Group III (Effector only),None_uPSEM,305.0,12,1,0,0.08333333333333333,0.0,2.0,0.0,False,False
PSAM,Group III (Effector only),None_uPSEM,310.0,12,1,0,0.08333333333333333,0.0,2.0,0.0,False,False
PSAM,Group III (Effector only),None_uPSEM,315.0,12,1,0,0.08333333333333333,0.0,2.0,0.0,False,False
PSAM,Group III (Effector only),None_uPSEM,320.0,12,1,0,0.08333333333333333,0.0,2.0,0.0,False,False
PSAM,Group III (Effector only),None_uPSEM,325.0,12,1,0,0.08333333333333333,0.0,1.0,0.0,False,False
PSAM,Group III (Effector only),None_uPSEM,330.0,12,1,0,0.08333333333333333,0.0,1.0,0.0,False,False
